-- MySQL dump 10.13  Distrib 5.7.22, for Linux (x86_64)
--
-- Host: localhost    Database: stick
-- ------------------------------------------------------
-- Server version	5.7.22-0ubuntu18.04.1

/*!40101 SET @OLD_CHARACTER_SET_CLIENT=@@CHARACTER_SET_CLIENT */;
/*!40101 SET @OLD_CHARACTER_SET_RESULTS=@@CHARACTER_SET_RESULTS */;
/*!40101 SET @OLD_COLLATION_CONNECTION=@@COLLATION_CONNECTION */;
/*!40101 SET NAMES utf8 */;
/*!40103 SET @OLD_TIME_ZONE=@@TIME_ZONE */;
/*!40103 SET TIME_ZONE='+00:00' */;
/*!40014 SET @OLD_UNIQUE_CHECKS=@@UNIQUE_CHECKS, UNIQUE_CHECKS=0 */;
/*!40014 SET @OLD_FOREIGN_KEY_CHECKS=@@FOREIGN_KEY_CHECKS, FOREIGN_KEY_CHECKS=0 */;
/*!40101 SET @OLD_SQL_MODE=@@SQL_MODE, SQL_MODE='NO_AUTO_VALUE_ON_ZERO' */;
/*!40111 SET @OLD_SQL_NOTES=@@SQL_NOTES, SQL_NOTES=0 */;

--
-- Table structure for table `almacenes`
--

DROP TABLE IF EXISTS `almacenes`;
/*!40101 SET @saved_cs_client     = @@character_set_client */;
/*!40101 SET character_set_client = utf8 */;
CREATE TABLE `almacenes` (
  `id` bigint(20) NOT NULL AUTO_INCREMENT,
  `nombre` varchar(255) DEFAULT NULL,
  `telefonos` varchar(100) DEFAULT NULL,
  `direccion` varchar(255) DEFAULT NULL,
  `email` varchar(255) DEFAULT NULL,
  `descripcion` text,
  `user_id` int(11) DEFAULT NULL,
  `total` decimal(10,2) DEFAULT NULL,
  `deleted` datetime DEFAULT NULL,
  `created_at` datetime NOT NULL,
  `updated_at` datetime NOT NULL,
  PRIMARY KEY (`id`)
) ENGINE=InnoDB AUTO_INCREMENT=4 DEFAULT CHARSET=latin1;
/*!40101 SET character_set_client = @saved_cs_client */;

--
-- Dumping data for table `almacenes`
--

LOCK TABLES `almacenes` WRITE;
/*!40000 ALTER TABLE `almacenes` DISABLE KEYS */;
INSERT INTO `almacenes` VALUES (1,'Tienda','2226571','Av. Buch 1572','','',NULL,NULL,NULL,'2018-06-22 16:40:22','2018-06-22 19:08:53'),(2,'Casa Matriz','2713241','Antofagasta No. 8','','',NULL,NULL,NULL,'2018-06-22 19:08:20','2018-06-22 19:08:20'),(3,'Demo mod','123654','Calle a','','',NULL,NULL,'2018-07-17 17:16:21','2018-07-12 20:22:01','2018-07-17 17:16:21');
/*!40000 ALTER TABLE `almacenes` ENABLE KEYS */;
UNLOCK TABLES;

--
-- Table structure for table `ar_internal_metadata`
--

DROP TABLE IF EXISTS `ar_internal_metadata`;
/*!40101 SET @saved_cs_client     = @@character_set_client */;
/*!40101 SET character_set_client = utf8 */;
CREATE TABLE `ar_internal_metadata` (
  `key` varchar(255) NOT NULL,
  `value` varchar(255) DEFAULT NULL,
  `created_at` datetime NOT NULL,
  `updated_at` datetime NOT NULL,
  PRIMARY KEY (`key`)
) ENGINE=InnoDB DEFAULT CHARSET=latin1;
/*!40101 SET character_set_client = @saved_cs_client */;

--
-- Dumping data for table `ar_internal_metadata`
--

LOCK TABLES `ar_internal_metadata` WRITE;
/*!40000 ALTER TABLE `ar_internal_metadata` DISABLE KEYS */;
INSERT INTO `ar_internal_metadata` VALUES ('environment','development','2018-07-06 20:20:09','2018-07-06 20:20:09');
/*!40000 ALTER TABLE `ar_internal_metadata` ENABLE KEYS */;
UNLOCK TABLES;

--
-- Table structure for table `cajas`
--

DROP TABLE IF EXISTS `cajas`;
/*!40101 SET @saved_cs_client     = @@character_set_client */;
/*!40101 SET character_set_client = utf8 */;
CREATE TABLE `cajas` (
  `id` bigint(20) NOT NULL AUTO_INCREMENT,
  `tipo` varchar(255) DEFAULT NULL,
  `monto` decimal(10,2) DEFAULT NULL,
  `user_id` int(11) DEFAULT NULL,
  `fecha` date DEFAULT NULL,
  `descripcion` text,
  `pago_id` int(11) DEFAULT NULL,
  `almacene_id` int(11) DEFAULT NULL,
  `deleted` datetime DEFAULT NULL,
  `created_at` datetime NOT NULL,
  `updated_at` datetime NOT NULL,
  PRIMARY KEY (`id`)
) ENGINE=InnoDB DEFAULT CHARSET=latin1;
/*!40101 SET character_set_client = @saved_cs_client */;

--
-- Dumping data for table `cajas`
--

LOCK TABLES `cajas` WRITE;
/*!40000 ALTER TABLE `cajas` DISABLE KEYS */;
/*!40000 ALTER TABLE `cajas` ENABLE KEYS */;
UNLOCK TABLES;

--
-- Table structure for table `categoria`
--

DROP TABLE IF EXISTS `categoria`;
/*!40101 SET @saved_cs_client     = @@character_set_client */;
/*!40101 SET character_set_client = utf8 */;
CREATE TABLE `categoria` (
  `id` bigint(20) NOT NULL AUTO_INCREMENT,
  `nombre` varchar(100) DEFAULT NULL,
  `estado` varchar(15) DEFAULT NULL,
  `borrado` datetime DEFAULT NULL,
  `created_at` datetime NOT NULL,
  `updated_at` datetime NOT NULL,
  PRIMARY KEY (`id`)
) ENGINE=InnoDB AUTO_INCREMENT=29 DEFAULT CHARSET=latin1;
/*!40101 SET character_set_client = @saved_cs_client */;

--
-- Dumping data for table `categoria`
--

LOCK TABLES `categoria` WRITE;
/*!40000 ALTER TABLE `categoria` DISABLE KEYS */;
INSERT INTO `categoria` VALUES (1,'BOLIGRAFOS',NULL,NULL,'2018-07-14 20:29:08','2018-07-14 20:29:08'),(2,'BOLSAS CON CIERRE',NULL,NULL,'2018-07-14 20:29:08','2018-07-14 20:29:08'),(3,'BOLSAS ZI-LOG',NULL,NULL,'2018-07-14 20:29:08','2018-07-14 20:29:08'),(4,'CAJAS DE CARTON FIVE STICK',NULL,NULL,'2018-07-14 20:29:08','2018-07-14 20:29:08'),(5,'CINTA DE MARCACION',NULL,NULL,'2018-07-14 20:29:08','2018-07-14 20:29:08'),(6,'CINTA DE POLIIMIDA KAPTON TAPE',NULL,NULL,'2018-07-14 20:29:08','2018-07-14 20:29:08'),(7,'CINTA PROTECTOR',NULL,NULL,'2018-07-14 20:29:09','2018-07-14 20:29:09'),(8,'CINTAS AISLANTES',NULL,NULL,'2018-07-14 20:29:09','2018-07-14 20:29:09'),(9,'CINTAS ALUBAND',NULL,NULL,'2018-07-14 20:29:09','2018-07-14 20:29:09'),(10,'CINTAS ANTIDESLIZANTES',NULL,NULL,'2018-07-14 20:29:09','2018-07-14 20:29:09'),(11,'CINTAS CON BRILLO LASSER',NULL,NULL,'2018-07-14 20:29:09','2018-07-14 20:29:09'),(12,'CINTAS CON IMPRESION',NULL,NULL,'2018-07-14 20:29:09','2018-07-14 20:29:09'),(13,'CINTAS DE ALUMINIO',NULL,NULL,'2018-07-14 20:29:10','2018-07-14 20:29:10'),(14,'CINTAS DE DOBLE CONTACTO',NULL,NULL,'2018-07-14 20:29:10','2018-07-14 20:29:10'),(15,'CINTAS DE EMBALAJE',NULL,NULL,'2018-07-14 20:29:10','2018-07-14 20:29:10'),(16,'CINTAS DE POLIESTER',NULL,NULL,'2018-07-14 20:29:11','2018-07-14 20:29:11'),(17,'CINTAS DE TEFLON CON ADHESIVO',NULL,NULL,'2018-07-14 20:29:11','2018-07-14 20:29:11'),(18,'CINTAS DE TELA',NULL,NULL,'2018-07-14 20:29:11','2018-07-14 20:29:11'),(19,'CINTAS ETIQUETADORAS',NULL,NULL,'2018-07-14 20:29:11','2018-07-14 20:29:11'),(20,'CINTAS MASKING',NULL,NULL,'2018-07-14 20:29:11','2018-07-14 20:29:11'),(21,'CINTAS PARA ESCRITORIO',NULL,NULL,'2018-07-14 20:29:12','2018-07-14 20:29:12'),(22,'CINTAS REFLECTIVAS',NULL,NULL,'2018-07-14 20:29:12','2018-07-14 20:29:12'),(23,'MEMBRANAS ASFALTICAS P. GAS',NULL,NULL,'2018-07-14 20:29:12','2018-07-14 20:29:12'),(24,'CINTAS IMANTADAS',NULL,NULL,'2018-07-14 20:29:12','2018-07-14 20:29:12'),(25,'DISPENSADORES PARA EMBALAR',NULL,NULL,'2018-07-14 20:29:13','2018-07-14 20:29:13'),(26,'DISPENSADORES PARA ESCRITORIO',NULL,NULL,'2018-07-14 20:29:13','2018-07-14 20:29:13'),(27,'MAQUINAS ETIQUETADORAS',NULL,NULL,'2018-07-14 20:29:13','2018-07-14 20:29:13'),(28,'STRECH FILM USO INDUSTRIAL',NULL,NULL,'2018-07-14 20:29:13','2018-07-14 20:29:13');
/*!40000 ALTER TABLE `categoria` ENABLE KEYS */;
UNLOCK TABLES;

--
-- Table structure for table `cotizaciones`
--

DROP TABLE IF EXISTS `cotizaciones`;
/*!40101 SET @saved_cs_client     = @@character_set_client */;
/*!40101 SET character_set_client = utf8 */;
CREATE TABLE `cotizaciones` (
  `id` bigint(20) NOT NULL AUTO_INCREMENT,
  `cantidad` int(11) DEFAULT NULL,
  `precio_ori` decimal(10,2) DEFAULT NULL,
  `precio_cot` decimal(10,2) DEFAULT NULL,
  `numero` int(11) DEFAULT NULL,
  `producto_id` int(11) DEFAULT NULL,
  `paquete_id` int(11) DEFAULT NULL,
  `user_id` int(11) DEFAULT NULL,
  `cliente` int(11) DEFAULT NULL,
  `almacene_id` int(11) DEFAULT NULL,
  `deleted` datetime DEFAULT NULL,
  `created_at` datetime NOT NULL,
  `updated_at` datetime NOT NULL,
  PRIMARY KEY (`id`)
) ENGINE=InnoDB AUTO_INCREMENT=2 DEFAULT CHARSET=latin1;
/*!40101 SET character_set_client = @saved_cs_client */;

--
-- Dumping data for table `cotizaciones`
--

LOCK TABLES `cotizaciones` WRITE;
/*!40000 ALTER TABLE `cotizaciones` DISABLE KEYS */;
INSERT INTO `cotizaciones` VALUES (1,15,10.00,11.00,1,15,NULL,2,3,2,NULL,'2018-07-06 21:33:49','2018-07-06 21:33:49');
/*!40000 ALTER TABLE `cotizaciones` ENABLE KEYS */;
UNLOCK TABLES;

--
-- Table structure for table `movimientos`
--

DROP TABLE IF EXISTS `movimientos`;
/*!40101 SET @saved_cs_client     = @@character_set_client */;
/*!40101 SET character_set_client = utf8 */;
CREATE TABLE `movimientos` (
  `id` bigint(20) NOT NULL AUTO_INCREMENT,
  `cantidad` int(11) DEFAULT NULL,
  `tipo` varchar(100) DEFAULT NULL,
  `precio_compra` decimal(10,2) DEFAULT NULL,
  `descripcion` text,
  `user_id` int(11) DEFAULT NULL,
  `producto_id` int(11) DEFAULT NULL,
  `almacen_id` int(11) DEFAULT NULL,
  `id_mov_tran` int(11) DEFAULT NULL,
  `deleted` datetime DEFAULT NULL,
  `created_at` datetime NOT NULL,
  `updated_at` datetime NOT NULL,
  PRIMARY KEY (`id`)
) ENGINE=InnoDB AUTO_INCREMENT=18 DEFAULT CHARSET=latin1;
/*!40101 SET character_set_client = @saved_cs_client */;

--
-- Dumping data for table `movimientos`
--

LOCK TABLES `movimientos` WRITE;
/*!40000 ALTER TABLE `movimientos` DISABLE KEYS */;
INSERT INTO `movimientos` VALUES (1,50,'Ingreso',11.00,'',2,15,2,NULL,NULL,'2018-07-06 21:30:56','2018-07-06 21:30:56'),(2,100,'Ingreso',9.00,'',1,17,2,NULL,NULL,'2018-07-12 20:43:53','2018-07-12 20:43:53'),(3,360,'Ingreso',25.00,'',1,147,1,NULL,NULL,'2018-07-17 20:09:19','2018-07-17 20:09:19'),(4,90,'Ingreso',60.00,'',1,131,1,NULL,NULL,'2018-07-17 20:13:41','2018-07-17 20:13:41'),(5,300,'Ingreso',95.00,'',2,159,1,NULL,NULL,'2018-07-17 20:15:51','2018-07-17 20:15:51'),(6,1,'Ingreso',200.00,'',2,241,1,NULL,NULL,'2018-07-17 20:43:13','2018-07-17 20:43:13'),(7,1,'Ingreso',300.00,'',2,243,1,NULL,NULL,'2018-07-17 20:43:35','2018-07-17 20:43:35'),(8,1,'Ingreso',790.00,'',2,242,1,NULL,NULL,'2018-07-17 20:47:57','2018-07-17 20:47:57'),(9,480,'Ingreso',4.50,'',2,79,1,NULL,NULL,'2018-07-17 21:07:27','2018-07-17 21:07:27'),(10,42,'Ingreso',6.00,'',2,78,1,NULL,NULL,'2018-07-17 22:00:24','2018-07-17 22:00:24'),(11,90,'Ingreso',18.00,'',2,77,2,NULL,NULL,'2018-07-17 22:03:00','2018-07-17 22:03:00'),(12,42,'Ingreso',6.00,'',2,78,2,NULL,NULL,'2018-07-17 22:06:58','2018-07-17 22:06:58'),(13,30,'Ingreso',20.00,'',2,167,1,NULL,NULL,'2018-07-17 22:27:07','2018-07-17 22:27:07'),(14,30,'Ingreso',20.00,'',2,291,2,NULL,NULL,'2018-07-17 22:34:56','2018-07-17 22:34:56'),(15,4,'Ingreso',20.00,'',2,167,2,NULL,NULL,'2018-07-17 22:35:15','2018-07-17 22:35:15'),(16,60,'Ingreso',10.00,'',2,280,2,NULL,NULL,'2018-07-17 22:36:28','2018-07-17 22:36:28'),(17,39,'Ingreso',12.00,'',2,282,2,NULL,NULL,'2018-07-17 22:36:44','2018-07-17 22:36:44');
/*!40000 ALTER TABLE `movimientos` ENABLE KEYS */;
UNLOCK TABLES;

--
-- Table structure for table `pagos`
--

DROP TABLE IF EXISTS `pagos`;
/*!40101 SET @saved_cs_client     = @@character_set_client */;
/*!40101 SET character_set_client = utf8 */;
CREATE TABLE `pagos` (
  `id` bigint(20) NOT NULL AUTO_INCREMENT,
  `tipo` varchar(255) DEFAULT NULL,
  `monto` decimal(10,2) DEFAULT NULL,
  `numero_venta` int(11) DEFAULT NULL,
  `descripcion` text,
  `user_id` int(11) DEFAULT NULL,
  `fecha` date DEFAULT NULL,
  `deleted` datetime DEFAULT NULL,
  `created_at` datetime NOT NULL,
  `updated_at` datetime NOT NULL,
  PRIMARY KEY (`id`)
) ENGINE=InnoDB DEFAULT CHARSET=latin1;
/*!40101 SET character_set_client = @saved_cs_client */;

--
-- Dumping data for table `pagos`
--

LOCK TABLES `pagos` WRITE;
/*!40000 ALTER TABLE `pagos` DISABLE KEYS */;
/*!40000 ALTER TABLE `pagos` ENABLE KEYS */;
UNLOCK TABLES;

--
-- Table structure for table `paquetes`
--

DROP TABLE IF EXISTS `paquetes`;
/*!40101 SET @saved_cs_client     = @@character_set_client */;
/*!40101 SET character_set_client = utf8 */;
CREATE TABLE `paquetes` (
  `id` bigint(20) NOT NULL AUTO_INCREMENT,
  `nombre` varchar(255) DEFAULT NULL,
  `cantidad` int(11) DEFAULT NULL,
  `cantidad_real` int(11) DEFAULT NULL,
  `producto_id` int(11) DEFAULT NULL,
  `paquete_id` int(11) DEFAULT NULL,
  `deleted` datetime DEFAULT NULL,
  `created_at` datetime NOT NULL,
  `updated_at` datetime NOT NULL,
  `user_id` int(11) DEFAULT NULL,
  PRIMARY KEY (`id`)
) ENGINE=InnoDB AUTO_INCREMENT=291 DEFAULT CHARSET=latin1;
/*!40101 SET character_set_client = @saved_cs_client */;

--
-- Dumping data for table `paquetes`
--

LOCK TABLES `paquetes` WRITE;
/*!40000 ALTER TABLE `paquetes` DISABLE KEYS */;
INSERT INTO `paquetes` VALUES (1,'PEN-1',10,10,1,NULL,NULL,'2018-07-17 19:56:44','2018-07-17 19:56:44',NULL),(2,'PEN-2',10,10,2,NULL,NULL,'2018-07-17 19:56:44','2018-07-17 19:56:44',NULL),(3,'PEN-3',10,10,3,NULL,NULL,'2018-07-17 19:56:44','2018-07-17 19:56:44',NULL),(4,'PEN-4',10,10,4,NULL,NULL,'2018-07-17 19:56:44','2018-07-17 19:56:44',NULL),(5,'SL-1215',10,10,5,NULL,NULL,'2018-07-17 19:56:44','2018-07-17 19:56:44',NULL),(6,'SL-1518',10,10,6,NULL,NULL,'2018-07-17 19:56:45','2018-07-17 19:56:45',NULL),(7,'SL-1823',10,10,7,NULL,NULL,'2018-07-17 19:56:45','2018-07-17 19:56:45',NULL),(8,'SL-2333',10,10,8,NULL,NULL,'2018-07-17 19:56:45','2018-07-17 19:56:45',NULL),(9,'SL-1718',10,10,9,NULL,NULL,'2018-07-17 19:56:45','2018-07-17 19:56:45',NULL),(10,'ZI-1015',10,10,10,NULL,NULL,'2018-07-17 19:56:45','2018-07-17 19:56:45',NULL),(11,'ZI-1520',10,10,11,NULL,NULL,'2018-07-17 19:56:45','2018-07-17 19:56:45',NULL),(12,'ZI-1825',10,10,12,NULL,NULL,'2018-07-17 19:56:45','2018-07-17 19:56:45',NULL),(13,'ZI-2333',10,10,13,NULL,NULL,'2018-07-17 19:56:45','2018-07-17 19:56:45',NULL),(14,'ZI-3242',10,10,14,NULL,NULL,'2018-07-17 19:56:45','2018-07-17 19:56:45',NULL),(15,'ZI-56',10,10,15,NULL,NULL,'2018-07-17 19:56:45','2018-07-17 19:56:45',NULL),(16,'ZI-78',10,10,16,NULL,NULL,'2018-07-17 19:56:45','2018-07-17 19:56:45',NULL),(17,'ZI-812',10,10,17,NULL,NULL,'2018-07-17 19:56:45','2018-07-17 19:56:45',NULL),(18,'ZD-1922',10,10,18,NULL,NULL,'2018-07-17 19:56:45','2018-07-17 19:56:45',NULL),(19,'ZD-2328',10,10,19,NULL,NULL,'2018-07-17 19:56:45','2018-07-17 19:56:45',NULL),(20,'BOX-60',10,10,20,NULL,NULL,'2018-07-17 19:56:45','2018-07-17 19:56:45',NULL),(21,'CT-55',10,10,21,NULL,NULL,'2018-07-17 19:56:45','2018-07-17 19:56:45',NULL),(22,'BOX-A',10,10,22,NULL,NULL,'2018-07-17 19:56:45','2018-07-17 19:56:45',NULL),(23,'C-ES100',10,10,23,NULL,NULL,'2018-07-17 19:56:45','2018-07-17 19:56:45',NULL),(24,'C-ES50',10,10,24,NULL,NULL,'2018-07-17 19:56:45','2018-07-17 19:56:45',NULL),(25,'CI-M50A',10,10,25,NULL,NULL,'2018-07-17 19:56:45','2018-07-17 19:56:45',NULL),(26,'CI-M20',10,10,26,NULL,NULL,'2018-07-17 19:56:45','2018-07-17 19:56:45',NULL),(27,'CT5-IP',10,10,27,NULL,NULL,'2018-07-17 19:56:46','2018-07-17 19:56:46',NULL),(28,'MNP-1',10,10,28,NULL,NULL,'2018-07-17 19:56:46','2018-07-17 19:56:46',NULL),(29,'M-NP',10,10,29,NULL,NULL,'2018-07-17 19:56:46','2018-07-17 19:56:46',NULL),(30,'PY-24',10,10,30,NULL,NULL,'2018-07-17 19:56:46','2018-07-17 19:56:46',NULL),(31,'PY-8',10,10,31,NULL,NULL,'2018-07-17 19:56:46','2018-07-17 19:56:46',NULL),(32,'C-PR',10,10,32,NULL,NULL,'2018-07-17 19:56:46','2018-07-17 19:56:46',NULL),(33,'CA-110N',10,10,33,NULL,NULL,'2018-07-17 19:56:46','2018-07-17 19:56:46',NULL),(34,'CA-10N',10,10,34,NULL,NULL,'2018-07-17 19:56:46','2018-07-17 19:56:46',NULL),(35,'CA-20I',10,10,35,NULL,NULL,'2018-07-17 19:56:46','2018-07-17 19:56:46',NULL),(36,'CA-20N',10,10,36,NULL,NULL,'2018-07-17 19:56:46','2018-07-17 19:56:46',NULL),(37,'CA-05N',10,10,37,NULL,NULL,'2018-07-17 19:56:46','2018-07-17 19:56:46',NULL),(38,'CA-20TN',10,10,38,NULL,NULL,'2018-07-17 19:56:46','2018-07-17 19:56:46',NULL),(39,'CA-05C',10,10,39,NULL,NULL,'2018-07-17 19:56:46','2018-07-17 19:56:46',NULL),(40,'CV-24',10,10,40,NULL,NULL,'2018-07-17 19:56:46','2018-07-17 19:56:46',NULL),(41,'CV-18',10,10,41,NULL,NULL,'2018-07-17 19:56:46','2018-07-17 19:56:46',NULL),(42,'P-0504',10,10,42,NULL,NULL,'2018-07-17 19:56:46','2018-07-17 19:56:46',NULL),(43,'P-0525',10,10,43,NULL,NULL,'2018-07-17 19:56:46','2018-07-17 19:56:46',NULL),(44,'P-1025',10,10,44,NULL,NULL,'2018-07-17 19:56:46','2018-07-17 19:56:46',NULL),(45,'P-1525',10,10,45,NULL,NULL,'2018-07-17 19:56:46','2018-07-17 19:56:46',NULL),(46,'AL-1525',10,10,46,NULL,NULL,'2018-07-17 19:56:46','2018-07-17 19:56:46',NULL),(47,'M3',10,10,47,NULL,NULL,'2018-07-17 19:56:46','2018-07-17 19:56:46',NULL),(48,'M2',10,10,48,NULL,NULL,'2018-07-17 19:56:46','2018-07-17 19:56:46',NULL),(49,'A-1025',10,10,49,NULL,NULL,'2018-07-17 19:56:47','2018-07-17 19:56:47',NULL),(50,'A-2525',10,10,50,NULL,NULL,'2018-07-17 19:56:47','2018-07-17 19:56:47',NULL),(51,'P-2525',10,10,51,NULL,NULL,'2018-07-17 19:56:47','2018-07-17 19:56:47',NULL),(52,'AL-1025',10,10,52,NULL,NULL,'2018-07-17 19:56:47','2018-07-17 19:56:47',NULL),(53,'AL-10025',10,10,53,NULL,NULL,'2018-07-17 19:56:47','2018-07-17 19:56:47',NULL),(54,'AL-2525',10,10,54,NULL,NULL,'2018-07-17 19:56:47','2018-07-17 19:56:47',NULL),(55,'AL-5025',10,10,55,NULL,NULL,'2018-07-17 19:56:47','2018-07-17 19:56:47',NULL),(56,'M1',10,10,56,NULL,NULL,'2018-07-17 19:56:47','2018-07-17 19:56:47',NULL),(57,'AL-0525',10,10,57,NULL,NULL,'2018-07-17 19:56:47','2018-07-17 19:56:47',NULL),(58,'CS-40N',10,10,58,NULL,NULL,'2018-07-17 19:56:47','2018-07-17 19:56:47',NULL),(59,'CS-40T',10,10,59,NULL,NULL,'2018-07-17 19:56:47','2018-07-17 19:56:47',NULL),(60,'CS-5F',10,10,60,NULL,NULL,'2018-07-17 19:56:47','2018-07-17 19:56:47',NULL),(61,'CS-10N',10,10,61,NULL,NULL,'2018-07-17 19:56:47','2018-07-17 19:56:47',NULL),(62,'CS-10T',10,10,62,NULL,NULL,'2018-07-17 19:56:47','2018-07-17 19:56:47',NULL),(63,'CS-5AN',10,10,63,NULL,NULL,'2018-07-17 19:56:47','2018-07-17 19:56:47',NULL),(64,'CS-5N1',10,10,64,NULL,NULL,'2018-07-17 19:56:47','2018-07-17 19:56:47',NULL),(65,'CS-10N1',10,10,65,NULL,NULL,'2018-07-17 19:56:47','2018-07-17 19:56:47',NULL),(66,'CS-5N',10,10,66,NULL,NULL,'2018-07-17 19:56:47','2018-07-17 19:56:47',NULL),(67,'CS-10T1',10,10,67,NULL,NULL,'2018-07-17 19:56:47','2018-07-17 19:56:47',NULL),(68,'CS-5T',10,10,68,NULL,NULL,'2018-07-17 19:56:47','2018-07-17 19:56:47',NULL),(69,'CS-5T1',10,10,69,NULL,NULL,'2018-07-17 19:56:47','2018-07-17 19:56:47',NULL),(70,'CL-112L',10,10,70,NULL,NULL,'2018-07-17 19:56:48','2018-07-17 19:56:48',NULL),(71,'CL-1L60',10,10,71,NULL,NULL,'2018-07-17 19:56:48','2018-07-17 19:56:48',NULL),(72,'CL-312L',10,10,72,NULL,NULL,'2018-07-17 19:56:48','2018-07-17 19:56:48',NULL),(73,'CL-318L',10,10,73,NULL,NULL,'2018-07-17 19:56:48','2018-07-17 19:56:48',NULL),(74,'CL-3240L',10,10,74,NULL,NULL,'2018-07-17 19:56:48','2018-07-17 19:56:48',NULL),(75,'CL-324L',10,10,75,NULL,NULL,'2018-07-17 19:56:48','2018-07-17 19:56:48',NULL),(76,'CL-348L',10,10,76,NULL,NULL,'2018-07-17 19:56:48','2018-07-17 19:56:48',NULL),(77,'C-FR100 Tubo 6 U',6,6,77,NULL,NULL,'2018-07-17 19:56:48','2018-07-17 22:02:21',NULL),(78,'C-FR30 Tubo 6 U',6,6,78,NULL,NULL,'2018-07-17 19:56:48','2018-07-17 21:59:44',NULL),(79,'OF-18 Tubo 16 ',16,16,79,NULL,NULL,'2018-07-17 19:56:48','2018-07-17 21:05:54',NULL),(80,'OF-24',10,10,80,NULL,NULL,'2018-07-17 19:56:48','2018-07-17 19:56:48',NULL),(81,'OF-36',10,10,81,NULL,NULL,'2018-07-17 19:56:48','2018-07-17 19:56:48',NULL),(82,'CI-A20',10,10,82,NULL,NULL,'2018-07-17 19:56:48','2018-07-17 19:56:48',NULL),(83,'CI-AH20',10,10,83,NULL,NULL,'2018-07-17 19:56:48','2018-07-17 19:56:48',NULL),(84,'CI-A10',10,10,84,NULL,NULL,'2018-07-17 19:56:48','2018-07-17 19:56:48',NULL),(85,'CI-A10D',10,10,85,NULL,NULL,'2018-07-17 19:56:48','2018-07-17 19:56:48',NULL),(86,'CI-A40',10,10,86,NULL,NULL,'2018-07-17 19:56:48','2018-07-17 19:56:48',NULL),(87,'BU-115',10,10,87,NULL,NULL,'2018-07-17 19:56:48','2018-07-17 19:56:48',NULL),(88,'CD-TT6',10,10,88,NULL,NULL,'2018-07-17 19:56:48','2018-07-17 19:56:48',NULL),(89,'CD-1118',10,10,89,NULL,NULL,'2018-07-17 19:56:48','2018-07-17 19:56:48',NULL),(90,'CD-1124',10,10,90,NULL,NULL,'2018-07-17 19:56:48','2018-07-17 19:56:48',NULL),(91,'CD-TT12',10,10,91,NULL,NULL,'2018-07-17 19:56:48','2018-07-17 19:56:48',NULL),(92,'CD-TT18',10,10,92,NULL,NULL,'2018-07-17 19:56:49','2018-07-17 19:56:49',NULL),(93,'CD-TT24',10,10,93,NULL,NULL,'2018-07-17 19:56:49','2018-07-17 19:56:49',NULL),(94,'CD-1112',10,10,94,NULL,NULL,'2018-07-17 19:56:49','2018-07-17 19:56:49',NULL),(95,'ES-418',10,10,95,NULL,NULL,'2018-07-17 19:56:49','2018-07-17 19:56:49',NULL),(96,'CD-M',10,10,96,NULL,NULL,'2018-07-17 19:56:49','2018-07-17 19:56:49',NULL),(97,'CD-312T',10,10,97,NULL,NULL,'2018-07-17 19:56:49','2018-07-17 19:56:49',NULL),(98,'CD-318T',10,10,98,NULL,NULL,'2018-07-17 19:56:49','2018-07-17 19:56:49',NULL),(99,'CD-324T',10,10,99,NULL,NULL,'2018-07-17 19:56:49','2018-07-17 19:56:49',NULL),(100,'CD-348T',10,10,100,NULL,NULL,'2018-07-17 19:56:49','2018-07-17 19:56:49',NULL),(101,'CD5-112',10,10,101,NULL,NULL,'2018-07-17 19:56:49','2018-07-17 19:56:49',NULL),(102,'CD5-118',10,10,102,NULL,NULL,'2018-07-17 19:56:49','2018-07-17 19:56:49',NULL),(103,'CD5-124',10,10,103,NULL,NULL,'2018-07-17 19:56:49','2018-07-17 19:56:49',NULL),(104,'CD5-148',10,10,104,NULL,NULL,'2018-07-17 19:56:49','2018-07-17 19:56:49',NULL),(105,'CD-106',10,10,105,NULL,NULL,'2018-07-17 19:56:49','2018-07-17 19:56:49',NULL),(106,'CD-112',10,10,106,NULL,NULL,'2018-07-17 19:56:49','2018-07-17 19:56:49',NULL),(107,'CD-118',10,10,107,NULL,NULL,'2018-07-17 19:56:49','2018-07-17 19:56:49',NULL),(108,'CD-112A',10,10,108,NULL,NULL,'2018-07-17 19:56:49','2018-07-17 19:56:49',NULL),(109,'CD-12T',10,10,109,NULL,NULL,'2018-07-17 19:56:49','2018-07-17 19:56:49',NULL),(110,'CD-24T',10,10,110,NULL,NULL,'2018-07-17 19:56:49','2018-07-17 19:56:49',NULL),(111,'CD-T18',10,10,111,NULL,NULL,'2018-07-17 19:56:49','2018-07-17 19:56:49',NULL),(112,'CD-T36',10,10,112,NULL,NULL,'2018-07-17 19:56:49','2018-07-17 19:56:49',NULL),(113,'CD-12ACR',10,10,113,NULL,NULL,'2018-07-17 19:56:50','2018-07-17 19:56:50',NULL),(114,'CD-3150T',10,10,114,NULL,NULL,'2018-07-17 19:56:50','2018-07-17 19:56:50',NULL),(115,'CD-3200T',10,10,115,NULL,NULL,'2018-07-17 19:56:50','2018-07-17 19:56:50',NULL),(116,'CD-3300T',10,10,116,NULL,NULL,'2018-07-17 19:56:50','2018-07-17 19:56:50',NULL),(117,'CD-3500T',10,10,117,NULL,NULL,'2018-07-17 19:56:50','2018-07-17 19:56:50',NULL),(118,'REPULBABLE',10,10,118,NULL,NULL,'2018-07-17 19:56:50','2018-07-17 19:56:50',NULL),(119,'CD-1005',10,10,119,NULL,NULL,'2018-07-17 19:56:50','2018-07-17 19:56:50',NULL),(120,'CD-1011',10,10,120,NULL,NULL,'2018-07-17 19:56:50','2018-07-17 19:56:50',NULL),(121,'CD-1020',10,10,121,NULL,NULL,'2018-07-17 19:56:50','2018-07-17 19:56:50',NULL),(122,'CD-3160T',10,10,122,NULL,NULL,'2018-07-17 19:56:50','2018-07-17 19:56:50',NULL),(123,'CD-P18T',10,10,123,NULL,NULL,'2018-07-17 19:56:50','2018-07-17 19:56:50',NULL),(124,'PB-12',10,10,124,NULL,NULL,'2018-07-17 19:56:50','2018-07-17 19:56:50',NULL),(125,'CD-110',10,10,125,NULL,NULL,'2018-07-17 19:56:50','2018-07-17 19:56:50',NULL),(126,'CI-H10',10,10,126,NULL,NULL,'2018-07-17 19:56:50','2018-07-17 19:56:50',NULL),(127,'CE-100B',10,10,127,NULL,NULL,'2018-07-17 19:56:50','2018-07-17 19:56:50',NULL),(128,'CE-30B',10,10,128,NULL,NULL,'2018-07-17 19:56:50','2018-07-17 19:56:50',NULL),(129,'CE-INDC',10,10,129,NULL,NULL,'2018-07-17 19:56:50','2018-07-17 19:56:50',NULL),(130,'CE-INDT Caja 90 U',90,90,130,NULL,NULL,'2018-07-17 19:56:50','2018-07-17 20:27:59',NULL),(131,'T4-250T Caja de 15 U',15,15,131,NULL,NULL,'2018-07-17 19:56:50','2018-07-17 20:33:02',NULL),(132,'CBO-30',10,10,132,NULL,NULL,'2018-07-17 19:56:50','2018-07-17 19:56:50',NULL),(133,'CP-100C',10,10,133,NULL,NULL,'2018-07-17 19:56:50','2018-07-17 19:56:50',NULL),(134,'CP-100T',10,10,134,NULL,NULL,'2018-07-17 19:56:51','2018-07-17 19:56:51',NULL),(135,'CE-150T',10,10,135,NULL,NULL,'2018-07-17 19:56:51','2018-07-17 19:56:51',NULL),(136,'CP-350T',10,10,136,NULL,NULL,'2018-07-17 19:56:51','2018-07-17 19:56:51',NULL),(137,'CBO-100',10,10,137,NULL,NULL,'2018-07-17 19:56:51','2018-07-17 19:56:51',NULL),(138,'CE-100SC',10,10,138,NULL,NULL,'2018-07-17 19:56:51','2018-07-17 19:56:51',NULL),(139,'CE-100ST',10,10,139,NULL,NULL,'2018-07-17 19:56:51','2018-07-17 19:56:51',NULL),(140,'CE-100C Caja 96 U',96,96,140,NULL,NULL,'2018-07-17 19:56:51','2018-07-17 20:28:30',NULL),(141,'CE-100T Caja de 96 U',96,96,141,NULL,NULL,'2018-07-17 19:56:51','2018-07-17 20:32:17',NULL),(142,'CE-200C',10,10,142,NULL,NULL,'2018-07-17 19:56:51','2018-07-17 19:56:51',NULL),(143,'CE-200T',10,10,143,NULL,NULL,'2018-07-17 19:56:51','2018-07-17 19:56:51',NULL),(144,'CE-20C',10,10,144,NULL,NULL,'2018-07-17 19:56:51','2018-07-17 19:56:51',NULL),(145,'CE-20T',10,10,145,NULL,NULL,'2018-07-17 19:56:51','2018-07-17 19:56:51',NULL),(146,'CE-250C Caja de 30 U',30,30,146,NULL,NULL,'2018-07-17 19:56:51','2018-07-17 20:32:29',NULL),(147,'CE-250T Caja 24 U',24,24,147,NULL,NULL,'2018-07-17 19:56:51','2018-07-17 20:32:39',NULL),(148,'T3-30C',10,10,148,NULL,NULL,'2018-07-17 19:56:51','2018-07-17 19:56:51',NULL),(149,'T3-100C',10,10,149,NULL,NULL,'2018-07-17 19:56:51','2018-07-17 19:56:51',NULL),(150,'T3-30T',10,10,150,NULL,NULL,'2018-07-17 19:56:51','2018-07-17 19:56:51',NULL),(151,'T3-100T',10,10,151,NULL,NULL,'2018-07-17 19:56:51','2018-07-17 19:56:51',NULL),(152,'CE-30C',10,10,152,NULL,NULL,'2018-07-17 19:56:51','2018-07-17 19:56:51',NULL),(153,'CE-30T',10,10,153,NULL,NULL,'2018-07-17 19:56:51','2018-07-17 19:56:51',NULL),(154,'CE-500C',10,10,154,NULL,NULL,'2018-07-17 19:56:51','2018-07-17 19:56:51',NULL),(155,'CE-500T Caja de 24 U',24,24,155,NULL,NULL,'2018-07-17 19:56:51','2018-07-17 20:32:48',NULL),(156,'CE-60C',10,10,156,NULL,NULL,'2018-07-17 19:56:52','2018-07-17 19:56:52',NULL),(157,'CE-60T',10,10,157,NULL,NULL,'2018-07-17 19:56:52','2018-07-17 19:56:52',NULL),(158,'CE-950C',10,10,158,NULL,NULL,'2018-07-17 19:56:52','2018-07-17 19:56:52',NULL),(159,'CE-950T Caja de 10 U',10,10,159,NULL,NULL,'2018-07-17 19:56:52','2018-07-17 20:32:06',NULL),(160,'CE-I30C',10,10,160,NULL,NULL,'2018-07-17 19:56:52','2018-07-17 19:56:52',NULL),(161,'CI-D40',10,10,161,NULL,NULL,'2018-07-17 19:56:52','2018-07-17 19:56:52',NULL),(162,'CE-I30T',10,10,162,NULL,NULL,'2018-07-17 19:56:52','2018-07-17 19:56:52',NULL),(163,'PT-36',10,10,163,NULL,NULL,'2018-07-17 19:56:52','2018-07-17 19:56:52',NULL),(164,'PT-18',10,10,164,NULL,NULL,'2018-07-17 19:56:52','2018-07-17 19:56:52',NULL),(165,'TE-2410',10,10,165,NULL,NULL,'2018-07-17 19:56:52','2018-07-17 19:56:52',NULL),(166,'TE-245',10,10,166,NULL,NULL,'2018-07-17 19:56:52','2018-07-17 19:56:52',NULL),(167,'M15',10,10,167,NULL,NULL,'2018-07-17 19:56:52','2018-07-17 19:56:52',NULL),(168,'CT2-10B',10,10,168,NULL,NULL,'2018-07-17 19:56:52','2018-07-17 19:56:52',NULL),(169,'CT1-10P',10,10,169,NULL,NULL,'2018-07-17 19:56:52','2018-07-17 19:56:52',NULL),(170,'CT1-50P',10,10,170,NULL,NULL,'2018-07-17 19:56:52','2018-07-17 19:56:52',NULL),(171,'CT-10P1',10,10,171,NULL,NULL,'2018-07-17 19:56:52','2018-07-17 19:56:52',NULL),(172,'CT2-10P',10,10,172,NULL,NULL,'2018-07-17 19:56:52','2018-07-17 19:56:52',NULL),(173,'CT2-50P',10,10,173,NULL,NULL,'2018-07-17 19:56:52','2018-07-17 19:56:52',NULL),(174,'CT3-IN',10,10,174,NULL,NULL,'2018-07-17 19:56:52','2018-07-17 19:56:52',NULL),(175,'CT4-10N',10,10,175,NULL,NULL,'2018-07-17 19:56:53','2018-07-17 19:56:53',NULL),(176,'CT-S2',10,10,176,NULL,NULL,'2018-07-17 19:56:53','2018-07-17 19:56:53',NULL),(177,'PLD-26C',10,10,177,NULL,NULL,'2018-07-17 19:56:53','2018-07-17 19:56:53',NULL),(178,'PLS-21B',10,10,178,NULL,NULL,'2018-07-17 19:56:53','2018-07-17 19:56:53',NULL),(179,'PLS-26B',10,10,179,NULL,NULL,'2018-07-17 19:56:53','2018-07-17 19:56:53',NULL),(180,'PLD-21C',10,10,180,NULL,NULL,'2018-07-17 19:56:53','2018-07-17 19:56:53',NULL),(181,'PLS-21C',10,10,181,NULL,NULL,'2018-07-17 19:56:53','2018-07-17 19:56:53',NULL),(182,'PLD-21B',10,10,182,NULL,NULL,'2018-07-17 19:56:53','2018-07-17 19:56:53',NULL),(183,'PLD-26B',10,10,183,NULL,NULL,'2018-07-17 19:56:53','2018-07-17 19:56:53',NULL),(184,'PLS-26C',10,10,184,NULL,NULL,'2018-07-17 19:56:53','2018-07-17 19:56:53',NULL),(185,'WT-18C',10,10,185,NULL,NULL,'2018-07-17 19:56:53','2018-07-17 19:56:53',NULL),(186,'WT-96C',10,10,186,NULL,NULL,'2018-07-17 19:56:53','2018-07-17 19:56:53',NULL),(187,'WU-100',10,10,187,NULL,NULL,'2018-07-17 19:56:53','2018-07-17 19:56:53',NULL),(188,'CM-18HD',10,10,188,NULL,NULL,'2018-07-17 19:56:53','2018-07-17 19:56:53',NULL),(189,'CM-12',10,10,189,NULL,NULL,'2018-07-17 19:56:53','2018-07-17 19:56:53',NULL),(190,'CM-12A',10,10,190,NULL,NULL,'2018-07-17 19:56:53','2018-07-17 19:56:53',NULL),(191,'CM-14A',10,10,191,NULL,NULL,'2018-07-17 19:56:53','2018-07-17 19:56:53',NULL),(192,'CM-18',10,10,192,NULL,NULL,'2018-07-17 19:56:53','2018-07-17 19:56:53',NULL),(193,'CM-18A',10,10,193,NULL,NULL,'2018-07-17 19:56:53','2018-07-17 19:56:53',NULL),(194,'CM-24 Caja de 36 Uidades',36,36,194,NULL,NULL,'2018-07-17 19:56:53','2018-07-17 20:23:22',NULL),(195,'CM-24A',10,10,195,NULL,NULL,'2018-07-17 19:56:54','2018-07-17 19:56:54',NULL),(196,'CM-36',10,10,196,NULL,NULL,'2018-07-17 19:56:54','2018-07-17 19:56:54',NULL),(197,'CM-36A',10,10,197,NULL,NULL,'2018-07-17 19:56:54','2018-07-17 19:56:54',NULL),(198,'CM-48',10,10,198,NULL,NULL,'2018-07-17 19:56:54','2018-07-17 19:56:54',NULL),(199,'CM-48A',10,10,199,NULL,NULL,'2018-07-17 19:56:54','2018-07-17 19:56:54',NULL),(200,'CM-06A',10,10,200,NULL,NULL,'2018-07-17 19:56:54','2018-07-17 19:56:54',NULL),(201,'CM-U18',10,10,201,NULL,NULL,'2018-07-17 19:56:54','2018-07-17 19:56:54',NULL),(202,'CM-U24',10,10,202,NULL,NULL,'2018-07-17 19:56:54','2018-07-17 19:56:54',NULL),(203,'CM-U48',10,10,203,NULL,NULL,'2018-07-17 19:56:54','2018-07-17 19:56:54',NULL),(204,'CM-12V Caja 72 U',72,72,204,NULL,NULL,'2018-07-17 19:56:54','2018-07-17 20:30:37',NULL),(205,'CM-18V Caja 48 U',48,48,205,NULL,NULL,'2018-07-17 19:56:54','2018-07-17 20:29:10',NULL),(206,'CM-15E',10,10,206,NULL,NULL,'2018-07-17 19:56:54','2018-07-17 19:56:54',NULL),(207,'CM-20E',10,10,207,NULL,NULL,'2018-07-17 19:56:54','2018-07-17 19:56:54',NULL),(208,'CM-06V Caja 144 U',144,144,208,NULL,NULL,'2018-07-17 19:56:54','2018-07-17 20:31:06',NULL),(209,'CL-119',10,10,209,NULL,NULL,'2018-07-17 19:56:54','2018-07-17 19:56:54',NULL),(210,'CL-117',10,10,210,NULL,NULL,'2018-07-17 19:56:54','2018-07-17 19:56:54',NULL),(211,'CL-312Y',10,10,211,NULL,NULL,'2018-07-17 19:56:54','2018-07-17 19:56:54',NULL),(212,'CL-INV',10,10,212,NULL,NULL,'2018-07-17 19:56:54','2018-07-17 19:56:54',NULL),(213,'CL-312',10,10,213,NULL,NULL,'2018-07-17 19:56:54','2018-07-17 19:56:54',NULL),(214,'CL-319',10,10,214,NULL,NULL,'2018-07-17 19:56:54','2018-07-17 19:56:54',NULL),(215,'CL-324',10,10,215,NULL,NULL,'2018-07-17 19:56:54','2018-07-17 19:56:54',NULL),(216,'CL-112D',10,10,216,NULL,NULL,'2018-07-17 19:56:55','2018-07-17 19:56:55',NULL),(217,'CL-1121Y',10,10,217,NULL,NULL,'2018-07-17 19:56:55','2018-07-17 19:56:55',NULL),(218,'CL-112Y',10,10,218,NULL,NULL,'2018-07-17 19:56:55','2018-07-17 19:56:55',NULL),(219,'CL-1121',10,10,219,NULL,NULL,'2018-07-17 19:56:55','2018-07-17 19:56:55',NULL),(220,'CL-112',10,10,220,NULL,NULL,'2018-07-17 19:56:55','2018-07-17 19:56:55',NULL),(221,'CL-119D',10,10,221,NULL,NULL,'2018-07-17 19:56:55','2018-07-17 19:56:55',NULL),(222,'CL-119E',10,10,222,NULL,NULL,'2018-07-17 19:56:55','2018-07-17 19:56:55',NULL),(223,'CL-319D',10,10,223,NULL,NULL,'2018-07-17 19:56:55','2018-07-17 19:56:55',NULL),(224,'CL-309RV',10,10,224,NULL,NULL,'2018-07-17 19:56:55','2018-07-17 19:56:55',NULL),(225,'LU-550',10,10,225,NULL,NULL,'2018-07-17 19:56:55','2018-07-17 19:56:55',NULL),(226,'CR-MANTENGA DISTANCIA',10,10,226,NULL,NULL,'2018-07-17 19:56:55','2018-07-17 19:56:55',NULL),(227,'CR-100L',10,10,227,NULL,NULL,'2018-07-17 19:56:55','2018-07-17 19:56:55',NULL),(228,'CR-50HP',10,10,228,NULL,NULL,'2018-07-17 19:56:55','2018-07-17 19:56:55',NULL),(229,'CR-50B',10,10,229,NULL,NULL,'2018-07-17 19:56:55','2018-07-17 19:56:55',NULL),(230,'CR-6250L',10,10,230,NULL,NULL,'2018-07-17 19:56:55','2018-07-17 19:56:55',NULL),(231,'CR-100B',10,10,231,NULL,NULL,'2018-07-17 19:56:55','2018-07-17 19:56:55',NULL),(232,'CR-1C',10,10,232,NULL,NULL,'2018-07-17 19:56:55','2018-07-17 19:56:55',NULL),(233,'CR-1RB',10,10,233,NULL,NULL,'2018-07-17 19:56:55','2018-07-17 19:56:55',NULL),(234,'CR-2RB',10,10,234,NULL,NULL,'2018-07-17 19:56:55','2018-07-17 19:56:55',NULL),(235,'CR-50RB',10,10,235,NULL,NULL,'2018-07-17 19:56:55','2018-07-17 19:56:55',NULL),(236,'CR-50L',10,10,236,NULL,NULL,'2018-07-17 19:56:55','2018-07-17 19:56:55',NULL),(237,'LU-6201',10,10,237,NULL,NULL,'2018-07-17 19:56:55','2018-07-17 19:56:55',NULL),(238,'LU-6250',10,10,238,NULL,NULL,'2018-07-17 19:56:56','2018-07-17 19:56:56',NULL),(239,'CR-6201',10,10,239,NULL,NULL,'2018-07-17 19:56:56','2018-07-17 19:56:56',NULL),(240,'CR-6250',10,10,240,NULL,NULL,'2018-07-17 19:56:56','2018-07-17 19:56:56',NULL),(241,'TR-2450',10,10,241,NULL,NULL,'2018-07-17 19:56:56','2018-07-17 19:56:56',NULL),(242,'TR-4850',10,10,242,NULL,NULL,'2018-07-17 19:56:56','2018-07-17 19:56:56',NULL),(243,'TR-3650',10,10,243,NULL,NULL,'2018-07-17 19:56:56','2018-07-17 19:56:56',NULL),(244,'GP-2',10,10,244,NULL,NULL,'2018-07-17 19:56:56','2018-07-17 19:56:56',NULL),(245,'G-15100',10,10,245,NULL,NULL,'2018-07-17 19:56:56','2018-07-17 19:56:56',NULL),(246,'CI-P25',10,10,246,NULL,NULL,'2018-07-17 19:56:56','2018-07-17 19:56:56',NULL),(247,'CI-P125',10,10,247,NULL,NULL,'2018-07-17 19:56:56','2018-07-17 19:56:56',NULL),(248,'G-550',10,10,248,NULL,NULL,'2018-07-17 19:56:56','2018-07-17 19:56:56',NULL),(249,'G-850',10,10,249,NULL,NULL,'2018-07-17 19:56:56','2018-07-17 19:56:56',NULL),(250,'G-50P',10,10,250,NULL,NULL,'2018-07-17 19:56:56','2018-07-17 19:56:56',NULL),(251,'E-20',10,10,251,NULL,NULL,'2018-07-17 19:56:56','2018-07-17 19:56:56',NULL),(252,'AL-0825',10,10,252,NULL,NULL,'2018-07-17 19:56:56','2018-07-17 19:56:56',NULL),(253,'AL-0425',10,10,253,NULL,NULL,'2018-07-17 19:56:56','2018-07-17 19:56:56',NULL),(254,'AL-0625',10,10,254,NULL,NULL,'2018-07-17 19:56:56','2018-07-17 19:56:56',NULL),(255,'AL-3025',10,10,255,NULL,NULL,'2018-07-17 19:56:56','2018-07-17 19:56:56',NULL),(256,'AL-0725',10,10,256,NULL,NULL,'2018-07-17 19:56:56','2018-07-17 19:56:56',NULL),(257,'AL-2025',10,10,257,NULL,NULL,'2018-07-17 19:56:56','2018-07-17 19:56:56',NULL),(258,'MA-18',10,10,258,NULL,NULL,'2018-07-17 19:56:56','2018-07-17 19:56:56',NULL),(259,'MA-8',10,10,259,NULL,NULL,'2018-07-17 19:56:56','2018-07-17 19:56:56',NULL),(260,'MA-2',10,10,260,NULL,NULL,'2018-07-17 19:56:56','2018-07-17 19:56:56',NULL),(261,'MA-3',10,10,261,NULL,NULL,'2018-07-17 19:56:57','2018-07-17 19:56:57',NULL),(262,'MA-0',10,10,262,NULL,NULL,'2018-07-17 19:56:57','2018-07-17 19:56:57',NULL),(263,'MA-1',10,10,263,NULL,NULL,'2018-07-17 19:56:57','2018-07-17 19:56:57',NULL),(264,'CS-614',10,10,264,NULL,NULL,'2018-07-17 19:56:57','2018-07-17 19:56:57',NULL),(265,'CS-01',10,10,265,NULL,NULL,'2018-07-17 19:56:57','2018-07-17 19:56:57',NULL),(266,'CS-609',10,10,266,NULL,NULL,'2018-07-17 19:56:57','2018-07-17 19:56:57',NULL),(267,'CS-609P',10,10,267,NULL,NULL,'2018-07-17 19:56:57','2018-07-17 19:56:57',NULL),(268,'CS-7605',10,10,268,NULL,NULL,'2018-07-17 19:56:57','2018-07-17 19:56:57',NULL),(269,'R-C1',10,10,269,NULL,NULL,'2018-07-17 19:56:57','2018-07-17 19:56:57',NULL),(270,'CS-610',10,10,270,NULL,NULL,'2018-07-17 19:56:57','2018-07-17 19:56:57',NULL),(271,'CS-621',10,10,271,NULL,NULL,'2018-07-17 19:56:57','2018-07-17 19:56:57',NULL),(272,'CS-626',10,10,272,NULL,NULL,'2018-07-17 19:56:57','2018-07-17 19:56:57',NULL),(273,'R-AG',10,10,273,NULL,NULL,'2018-07-17 19:56:57','2018-07-17 19:56:57',NULL),(274,'R-AP',10,10,274,NULL,NULL,'2018-07-17 19:56:57','2018-07-17 19:56:57',NULL),(275,'CS-768819',10,10,275,NULL,NULL,'2018-07-17 19:56:57','2018-07-17 19:56:57',NULL),(276,'CS-PL1',10,10,276,NULL,NULL,'2018-07-17 19:56:57','2018-07-17 19:56:57',NULL),(277,'CS-PL4',10,10,277,NULL,NULL,'2018-07-17 19:56:57','2018-07-17 19:56:57',NULL),(278,'CS-PL3',10,10,278,NULL,NULL,'2018-07-17 19:56:57','2018-07-17 19:56:57',NULL),(279,'CS-PL2',10,10,279,NULL,NULL,'2018-07-17 19:56:57','2018-07-17 19:56:57',NULL),(280,'R-T21',10,10,280,NULL,NULL,'2018-07-17 19:56:57','2018-07-17 19:56:57',NULL),(281,'R-T26',10,10,281,NULL,NULL,'2018-07-17 19:56:57','2018-07-17 19:56:57',NULL),(282,'R-T22',10,10,282,NULL,NULL,'2018-07-17 19:56:58','2018-07-17 19:56:58',NULL),(283,'FB-50',10,10,283,NULL,NULL,'2018-07-17 19:56:58','2018-07-17 19:56:58',NULL),(284,'SF-18',10,10,284,NULL,NULL,'2018-07-17 19:56:58','2018-07-17 19:56:58',NULL),(285,'SF-1',10,10,285,NULL,NULL,'2018-07-17 19:56:58','2018-07-17 19:56:58',NULL),(286,'SF-3',10,10,286,NULL,NULL,'2018-07-17 19:56:58','2018-07-17 19:56:58',NULL),(287,'SF-3N',10,10,287,NULL,NULL,'2018-07-17 19:56:58','2018-07-17 19:56:58',NULL),(288,'SF-15',10,10,288,NULL,NULL,'2018-07-17 19:56:58','2018-07-17 19:56:58',NULL),(289,'SF-2',10,10,289,NULL,NULL,'2018-07-17 19:56:58','2018-07-17 19:56:58',NULL),(290,'SF-4',10,10,290,NULL,NULL,'2018-07-17 19:56:58','2018-07-17 19:56:58',NULL);
/*!40000 ALTER TABLE `paquetes` ENABLE KEYS */;
UNLOCK TABLES;

--
-- Table structure for table `productos`
--

DROP TABLE IF EXISTS `productos`;
/*!40101 SET @saved_cs_client     = @@character_set_client */;
/*!40101 SET character_set_client = utf8 */;
CREATE TABLE `productos` (
  `id` bigint(20) NOT NULL AUTO_INCREMENT,
  `categoria_id` int(11) DEFAULT NULL,
  `nombre` varchar(255) DEFAULT NULL,
  `codigo` varchar(100) DEFAULT NULL,
  `cantidad_min` int(11) DEFAULT NULL,
  `ancho` varchar(100) DEFAULT NULL,
  `largo` varchar(100) DEFAULT NULL,
  `espesor` varchar(255) DEFAULT NULL,
  `adhesivo` varchar(255) DEFAULT NULL,
  `precio` decimal(10,2) DEFAULT NULL,
  `descripcion` text,
  `peso` varchar(100) DEFAULT NULL,
  `direccion` varchar(255) DEFAULT NULL,
  `color` varchar(100) DEFAULT NULL,
  `user_id` int(11) DEFAULT NULL,
  `deleted` datetime DEFAULT NULL,
  `created_at` datetime NOT NULL,
  `updated_at` datetime NOT NULL,
  PRIMARY KEY (`id`)
) ENGINE=InnoDB AUTO_INCREMENT=292 DEFAULT CHARSET=latin1;
/*!40101 SET character_set_client = @saved_cs_client */;

--
-- Dumping data for table `productos`
--

LOCK TABLES `productos` WRITE;
/*!40000 ALTER TABLE `productos` DISABLE KEYS */;
INSERT INTO `productos` VALUES (1,1,'LAPICEROS','PEN-1',40,NULL,NULL,NULL,NULL,1.50,NULL,NULL,NULL,NULL,NULL,NULL,'2018-07-17 16:21:11','2018-07-17 16:21:11'),(2,1,'LAPICEROS','PEN-2',40,NULL,NULL,NULL,NULL,10.00,NULL,NULL,NULL,NULL,NULL,NULL,'2018-07-17 16:21:11','2018-07-17 16:21:11'),(3,1,'LAPICEROS','PEN-3',40,NULL,NULL,NULL,NULL,1.40,NULL,NULL,NULL,NULL,NULL,NULL,'2018-07-17 16:21:11','2018-07-17 16:21:11'),(4,1,'LAPICEROS','PEN-4',40,NULL,NULL,NULL,NULL,3.50,NULL,NULL,NULL,NULL,NULL,NULL,'2018-07-17 16:21:11','2018-07-17 16:21:11'),(5,2,'15 BOLSAS CON CIERRE SLIDER BAG 12X15','SL-1215',40,NULL,NULL,NULL,NULL,8.00,NULL,NULL,NULL,NULL,NULL,NULL,'2018-07-17 16:21:11','2018-07-17 16:21:11'),(6,2,'15 BOLSAS CON CIERRE SLIDER BAG 15X18','SL-1518',40,NULL,NULL,NULL,NULL,10.00,NULL,NULL,NULL,NULL,NULL,NULL,'2018-07-17 16:21:11','2018-07-17 16:21:11'),(7,2,'15 BOLSAS CON CIERRE SLIDER BAG 18X23','SL-1823',40,NULL,NULL,NULL,NULL,14.00,NULL,NULL,NULL,NULL,NULL,NULL,'2018-07-17 16:21:11','2018-07-17 16:21:11'),(8,2,'15 BOLSAS CON CIERRE SLIDER BAG 23X33','SL-2333',40,NULL,NULL,NULL,NULL,20.00,NULL,NULL,NULL,NULL,NULL,NULL,'2018-07-17 16:21:12','2018-07-17 16:21:12'),(9,2,'16 BOLSAS SLIDER BAG 17CMX18CM DIF, COLORES','SL-1718',40,NULL,NULL,NULL,NULL,10.00,NULL,NULL,NULL,NULL,NULL,NULL,'2018-07-17 16:21:12','2018-07-17 16:21:12'),(10,3,'50 BOLSAS DE PE ZI-LOG 10X15 CM','ZI-1015',40,NULL,NULL,NULL,NULL,8.00,NULL,NULL,NULL,NULL,NULL,NULL,'2018-07-17 16:21:12','2018-07-17 16:21:12'),(11,3,'50 BOLSAS DE PE ZI-LOG 15X20 CM','ZI-1520',40,NULL,NULL,NULL,NULL,14.00,NULL,NULL,NULL,NULL,NULL,NULL,'2018-07-17 16:21:12','2018-07-17 16:21:12'),(12,3,'50 BOLSAS DE PE ZI-LOG 18X25 CM','ZI-1825',40,NULL,NULL,NULL,NULL,18.00,NULL,NULL,NULL,NULL,NULL,NULL,'2018-07-17 16:21:12','2018-07-17 16:21:12'),(13,3,'50 BOLSAS DE PE ZI-LOG 23X30 CM','ZI-2333',40,NULL,NULL,NULL,NULL,25.00,NULL,NULL,NULL,NULL,NULL,NULL,'2018-07-17 16:21:12','2018-07-17 16:21:12'),(14,3,'50 BOLSAS DE PE ZI-LOG 32X42 CM','ZI-3242',40,NULL,NULL,NULL,NULL,36.00,NULL,NULL,NULL,NULL,NULL,NULL,'2018-07-17 16:21:12','2018-07-17 16:21:12'),(15,3,'50 BOLSAS DE PE ZI-LOG 5X6 CM','ZI-56',40,NULL,NULL,NULL,NULL,4.00,NULL,NULL,NULL,NULL,NULL,NULL,'2018-07-17 16:21:12','2018-07-17 16:21:12'),(16,3,'50 BOLSAS DE PE ZI-LOG 7X8 CM','ZI-78',40,NULL,NULL,NULL,NULL,4.50,NULL,NULL,NULL,NULL,NULL,NULL,'2018-07-17 16:21:12','2018-07-17 16:21:12'),(17,3,'50 BOLSAS DE PE ZI-LOG 8X12 CM','ZI-812',40,NULL,NULL,NULL,NULL,5.00,NULL,NULL,NULL,NULL,NULL,NULL,'2018-07-17 16:21:12','2018-07-17 16:21:12'),(18,3,'DOBLE ZIPPER BAG 19X22CM, 30 UNID.','ZD-1922',40,NULL,NULL,NULL,NULL,20.00,NULL,NULL,NULL,NULL,NULL,NULL,'2018-07-17 16:21:12','2018-07-17 16:21:12'),(19,3,'DOBLE ZIPPER BAG 23X28CM, 30UNID.','ZD-2328',40,NULL,NULL,NULL,NULL,25.00,NULL,NULL,NULL,NULL,NULL,NULL,'2018-07-17 16:21:13','2018-07-17 16:21:13'),(20,4,'CAJA 40*60*30 CAFE','BOX-60',40,NULL,NULL,NULL,NULL,15.00,NULL,NULL,NULL,NULL,NULL,NULL,'2018-07-17 16:21:13','2018-07-17 16:21:13'),(21,4,'CAJA DE CARTON 55CM X 37CM X 30CM','CT-55',40,NULL,NULL,NULL,NULL,9.00,NULL,NULL,NULL,NULL,NULL,NULL,'2018-07-17 16:21:13','2018-07-17 16:21:13'),(22,4,'CAJA P/ARCHIVOS 36*48 CON TAPA','BOX-A',40,NULL,NULL,NULL,NULL,25.00,NULL,NULL,NULL,NULL,NULL,NULL,'2018-07-17 16:21:13','2018-07-17 16:21:13'),(23,5,'CINTA ADHESIVA ESMERILADO 100MM.','C-ES100',40,NULL,NULL,NULL,NULL,30.00,NULL,NULL,NULL,NULL,NULL,NULL,'2018-07-17 16:21:13','2018-07-17 16:21:13'),(24,5,'CINTA ADHESIVA ESMERILADO DE 50MM','C-ES50',40,NULL,NULL,NULL,NULL,15.00,NULL,NULL,NULL,NULL,NULL,NULL,'2018-07-17 16:21:13','2018-07-17 16:21:13'),(25,5,'CINTA DE MARCACION AMARILLO, VERDE, ROJO, AZUL, 50 MTS.','CI-M50A',40,NULL,NULL,NULL,NULL,115.00,NULL,NULL,NULL,NULL,NULL,NULL,'2018-07-17 16:21:13','2018-07-17 16:21:13'),(26,5,'CINTA DE MARCACION DE 20Y, AMARILLO/rROJO','CI-M20',40,NULL,NULL,NULL,NULL,20.00,NULL,NULL,NULL,NULL,NULL,NULL,'2018-07-17 16:21:13','2018-07-17 16:21:13'),(27,5,'CINTA DE TELA P. DUCTOS CON ADHESIVO ESPECIAL','CT5-IP',40,NULL,NULL,NULL,NULL,40.00,NULL,NULL,NULL,NULL,NULL,NULL,'2018-07-17 16:21:13','2018-07-17 16:21:13'),(28,5,'CINTA NO PASAR DE POLIETILENO 1KG','MNP-1',40,NULL,NULL,NULL,NULL,40.00,NULL,NULL,NULL,NULL,NULL,NULL,'2018-07-17 16:21:13','2018-07-17 16:21:13'),(29,5,'CINTA NO PASAR DE POLIETILENO 3.600 KGS APROX.','M-NP',40,NULL,NULL,NULL,NULL,140.00,NULL,NULL,NULL,NULL,NULL,NULL,'2018-07-17 16:21:13','2018-07-17 16:21:13'),(30,6,'CINTA P. AISLAMIENTO ELECTRONICO DE 24MM','PY-24',40,NULL,NULL,NULL,NULL,72.00,NULL,NULL,NULL,NULL,NULL,NULL,'2018-07-17 16:21:13','2018-07-17 16:21:13'),(31,6,'CINTA P. AISLAMIENTO ELECTRONICO DE 8MM','PY-8',40,NULL,NULL,NULL,NULL,24.00,NULL,NULL,NULL,NULL,NULL,NULL,'2018-07-17 16:21:13','2018-07-17 16:21:13'),(32,7,'CINTA PROTECTOR DE PANTALLA DE CELULAR','C-PR',40,NULL,NULL,NULL,NULL,3.00,NULL,NULL,NULL,NULL,NULL,NULL,'2018-07-17 16:21:14','2018-07-17 16:21:14'),(33,8,'CINTA AISLANTE DE 10MM*10Y NEGRO','CA-110N',40,NULL,NULL,NULL,NULL,2.00,NULL,NULL,NULL,NULL,NULL,NULL,'2018-07-17 16:21:14','2018-07-17 16:21:14'),(34,8,'CINTA AISLANTE DE 10Y, NEGRO Y BLANCO','CA-10N',40,NULL,NULL,NULL,NULL,3.00,NULL,NULL,NULL,NULL,NULL,NULL,'2018-07-17 16:21:14','2018-07-17 16:21:14'),(35,8,'CINTA AISLANTE DE 20Y INDUSTRIAL','CA-20I',40,NULL,NULL,NULL,NULL,7.00,NULL,NULL,NULL,NULL,NULL,NULL,'2018-07-17 16:21:14','2018-07-17 16:21:14'),(36,8,'CINTA AISLANTE DE 20Y,N,B,AZ,AM,R,V','CA-20N',40,NULL,NULL,NULL,NULL,6.00,NULL,NULL,NULL,NULL,NULL,NULL,'2018-07-17 16:21:14','2018-07-17 16:21:14'),(37,8,'CINTA AISLANTE DE 5Y, N,R,V,AZ,AM','CA-05N',40,NULL,NULL,NULL,NULL,1.50,NULL,NULL,NULL,NULL,NULL,NULL,'2018-07-17 16:21:14','2018-07-17 16:21:14'),(38,8,'CINTA AISLANTE DE ALTA TEMP. 105§','CA-20TN',40,NULL,NULL,NULL,NULL,8.00,NULL,NULL,NULL,NULL,NULL,NULL,'2018-07-17 16:21:14','2018-07-17 16:21:14'),(39,8,'CINTA AISLANTE EN COLORES 18MM X 5Y DE 12 UND.','CA-05C',40,NULL,NULL,NULL,NULL,1.50,NULL,NULL,NULL,NULL,NULL,NULL,'2018-07-17 16:21:14','2018-07-17 16:21:14'),(40,8,'CINTA AUTOSOLDABLE 24MM X 10 MTR.','CV-24',40,NULL,NULL,NULL,NULL,36.00,NULL,NULL,NULL,NULL,NULL,NULL,'2018-07-17 16:21:14','2018-07-17 16:21:14'),(41,8,'CINTA AUTOSOLDABLE, 18MM X 10 MTR.','CV-18',40,NULL,NULL,NULL,NULL,25.00,NULL,NULL,NULL,NULL,NULL,NULL,'2018-07-17 16:21:14','2018-07-17 16:21:14'),(42,9,'MEMB. ASFALTICA DE ALUMINIO Y PLASTICO 05CMMX4MT.','P-0504',40,NULL,NULL,NULL,NULL,40.00,NULL,NULL,NULL,NULL,NULL,NULL,'2018-07-17 16:21:14','2018-07-17 16:21:14'),(43,9,'MEMB. ASFALTICA DE ALUMINIO Y PLASTICO 05CMX25MT.','P-0525',40,NULL,NULL,NULL,NULL,200.00,NULL,NULL,NULL,NULL,NULL,NULL,'2018-07-17 16:21:14','2018-07-17 16:21:14'),(44,9,'MEMB. ASFALTICA DE ALUMINIO Y PLASTICO 10CMX25MT.','P-1025',40,NULL,NULL,NULL,NULL,380.00,NULL,NULL,NULL,NULL,NULL,NULL,'2018-07-17 16:21:15','2018-07-17 16:21:15'),(45,9,'MEMB. ASFALTICA DE ALUMINIO Y PLASTICO 15CMX25MT.','P-1525',40,NULL,NULL,NULL,NULL,570.00,NULL,NULL,NULL,NULL,NULL,NULL,'2018-07-17 16:21:15','2018-07-17 16:21:15'),(46,9,'MEMBRANA ASFALTICA FIVE STICK 15 CM X 25 MT.','AL-1525',40,NULL,NULL,NULL,NULL,405.00,NULL,NULL,NULL,NULL,NULL,NULL,'2018-07-17 16:21:15','2018-07-17 16:21:15'),(47,9,'MEMBRANA ASFALTICA AL CALIENTE 1MT. X 10 MT. DE 40KG.','M3',40,NULL,NULL,NULL,NULL,453.00,NULL,NULL,NULL,NULL,NULL,NULL,'2018-07-17 16:21:15','2018-07-17 16:21:15'),(48,9,'MEMBRANA ASFALTICA AL CALIENTE 1X10MT 35KG','M2',40,NULL,NULL,NULL,NULL,380.00,NULL,NULL,NULL,NULL,NULL,NULL,'2018-07-17 16:21:15','2018-07-17 16:21:15'),(49,9,'MEMBRANA ASFALTICA DE ALUMINIO PURO 10CMX25MT.','A-1025',40,NULL,NULL,NULL,NULL,380.00,NULL,NULL,NULL,NULL,NULL,NULL,'2018-07-17 16:21:15','2018-07-17 16:21:15'),(50,9,'MEMBRANA ASFALTICA DE ALUMINIO PURO 25CM*25MTS','A-2525',40,NULL,NULL,NULL,NULL,400.00,NULL,NULL,NULL,NULL,NULL,NULL,'2018-07-17 16:21:15','2018-07-17 16:21:15'),(51,9,'MEMBRANA ASFALTICA DE ALUMNIO Y PLASTICO 25CMX25MT','P-2525',40,NULL,NULL,NULL,NULL,950.00,NULL,NULL,NULL,NULL,NULL,NULL,'2018-07-17 16:21:15','2018-07-17 16:21:15'),(52,9,'MEMBRANA ASFALTICA FIVE STICK 10 CM X 25 MT.','AL-1025',40,NULL,NULL,NULL,NULL,270.00,NULL,NULL,NULL,NULL,NULL,NULL,'2018-07-17 16:21:15','2018-07-17 16:21:15'),(53,9,'MEMBRANA ASFALTICA FIVE STICK 100CM X 25MT.','AL-10025',40,NULL,NULL,NULL,NULL,2700.00,NULL,NULL,NULL,NULL,NULL,NULL,'2018-07-17 16:21:15','2018-07-17 16:21:15'),(54,9,'MEMBRANA ASFALTICA FIVE STICK 25 CM X 25 MT.','AL-2525',40,NULL,NULL,NULL,NULL,675.00,NULL,NULL,NULL,NULL,NULL,NULL,'2018-07-17 16:21:15','2018-07-17 16:21:15'),(55,9,'MEMBRANA ASFALTICA FIVE STICK 50 CM X 25MT.','AL-5025',40,NULL,NULL,NULL,NULL,1350.00,NULL,NULL,NULL,NULL,NULL,NULL,'2018-07-17 16:21:15','2018-07-17 16:21:15'),(56,9,'MEMBRANA ASLAFTICA AL CALIENTE 1X10 MT 30KG','M1',40,NULL,NULL,NULL,NULL,360.00,NULL,NULL,NULL,NULL,NULL,NULL,'2018-07-17 16:21:15','2018-07-17 16:21:15'),(57,9,'MENBRANA ASFALTICA 05X25MT','AL-0525',40,NULL,NULL,NULL,NULL,175.00,NULL,NULL,NULL,NULL,NULL,NULL,'2018-07-17 16:21:15','2018-07-17 16:21:15'),(58,10,'CINTA ANTIDESLIZANTE 48MMX40Y, NEGRO','CS-40N',40,NULL,NULL,NULL,NULL,290.00,NULL,NULL,NULL,NULL,NULL,NULL,'2018-07-17 16:21:15','2018-07-17 16:21:15'),(59,10,'CINTA ANTIDESLIZANTE 48MMX40Y, TRANSPARENTE','CS-40T',40,NULL,NULL,NULL,NULL,290.00,NULL,NULL,NULL,NULL,NULL,NULL,'2018-07-17 16:21:16','2018-07-17 16:21:16'),(60,10,'CINTA ANTIDESLIZANTE FLUORESCENTE','CS-5F',40,NULL,NULL,NULL,NULL,120.00,NULL,NULL,NULL,NULL,NULL,NULL,'2018-07-17 16:21:16','2018-07-17 16:21:16'),(61,10,'CINTA ANTIDESLIZANTE NEGRO 10Y','CS-10N',40,NULL,NULL,NULL,NULL,140.00,NULL,NULL,NULL,NULL,NULL,NULL,'2018-07-17 16:21:16','2018-07-17 16:21:16'),(62,10,'CINTA ANTIDESLIZANTE TRANSPARENTE 10Y','CS-10T',40,NULL,NULL,NULL,NULL,140.00,NULL,NULL,NULL,NULL,NULL,NULL,'2018-07-17 16:21:16','2018-07-17 16:21:16'),(63,10,'CINTA ANTIDESLIZANTE, AMARILLO/NEGRO DE 5Y','CS-5AN',40,NULL,NULL,NULL,NULL,40.00,NULL,NULL,NULL,NULL,NULL,NULL,'2018-07-17 16:21:16','2018-07-17 16:21:16'),(64,10,'CINTA ANTIDESLIZANTE, NEGRO DE 1\"','CS-5N1',40,NULL,NULL,NULL,NULL,20.00,NULL,NULL,NULL,NULL,NULL,NULL,'2018-07-17 16:21:16','2018-07-17 16:21:16'),(65,10,'CINTA ANTIDESLIZANTE, NEGRO DE 24MM X 10Y.','CS-10N1',40,NULL,NULL,NULL,NULL,40.00,NULL,NULL,NULL,NULL,NULL,NULL,'2018-07-17 16:21:16','2018-07-17 16:21:16'),(66,10,'CINTA ANTIDESLIZANTE, NEGRO DE 5Y','CS-5N',40,NULL,NULL,NULL,NULL,40.00,NULL,NULL,NULL,NULL,NULL,NULL,'2018-07-17 16:21:16','2018-07-17 16:21:16'),(67,10,'CINTA ANTIDESLIZANTE, TRANS. DE 24 MM X 10Y','CS-10T1',40,NULL,NULL,NULL,NULL,40.00,NULL,NULL,NULL,NULL,NULL,NULL,'2018-07-17 16:21:16','2018-07-17 16:21:16'),(68,10,'CINTA ANTIDESLIZANTE, TRANSP. DE 5Y','CS-5T',40,NULL,NULL,NULL,NULL,40.00,NULL,NULL,NULL,NULL,NULL,NULL,'2018-07-17 16:21:16','2018-07-17 16:21:16'),(69,10,'CINTA ANTIDESLIZANTE, TRANSPARENTE DE 1\"','CS-5T1',40,NULL,NULL,NULL,NULL,40.00,NULL,NULL,NULL,NULL,NULL,NULL,'2018-07-17 16:21:16','2018-07-17 16:21:16'),(70,11,'CINTA DE COLORES ARO PEQUEÑO CON BRILLO 7Y','CL-112L',40,NULL,NULL,NULL,NULL,8.00,NULL,NULL,NULL,NULL,NULL,NULL,'2018-07-17 16:21:16','2018-07-17 16:21:16'),(71,11,'CINTA DE COLORES DE 60Y, DE 24MM','CL-1L60',40,NULL,NULL,NULL,NULL,10.00,NULL,NULL,NULL,NULL,NULL,NULL,'2018-07-17 16:21:16','2018-07-17 16:21:16'),(72,11,'CINTA DE VARIOS COLORES DE 12MM','CL-312L',40,NULL,NULL,NULL,NULL,2.00,NULL,NULL,NULL,NULL,NULL,NULL,'2018-07-17 16:21:16','2018-07-17 16:21:16'),(73,11,'CINTA DE VARIOS COLORES DE 18MM','CL-318L',40,NULL,NULL,NULL,NULL,3.00,NULL,NULL,NULL,NULL,NULL,NULL,'2018-07-17 16:21:16','2018-07-17 16:21:16'),(74,11,'CINTA DE VARIOS COLORES DE 240MM','CL-3240L',40,NULL,NULL,NULL,NULL,115.00,NULL,NULL,NULL,NULL,NULL,NULL,'2018-07-17 16:21:17','2018-07-17 16:21:17'),(75,11,'CINTA DE VARIOS COLORES DE 24MM','CL-324L',40,NULL,NULL,NULL,NULL,4.00,NULL,NULL,NULL,NULL,NULL,NULL,'2018-07-17 16:21:17','2018-07-17 16:21:17'),(76,11,'CINTA DE VARIOS COLORES DE 48MM','CL-348L',40,NULL,NULL,NULL,NULL,8.00,NULL,NULL,NULL,NULL,NULL,NULL,'2018-07-17 16:21:17','2018-07-17 16:21:17'),(77,12,'CINTA CON IMPRESION FRAGIL 48MM','C-FR100',40,NULL,NULL,NULL,NULL,18.00,NULL,NULL,NULL,NULL,NULL,NULL,'2018-07-17 16:21:17','2018-07-17 16:21:17'),(78,12,'CINTA CON IMPRESION FRAGIL 48MMX30Y','C-FR30',40,'','','','',6.00,'','','S/I','',NULL,NULL,'2018-07-17 16:21:17','2018-07-17 21:58:36'),(79,12,'CINTA CON IMPRESION OFERTA 18MM','OF-18',40,NULL,NULL,NULL,NULL,4.50,NULL,NULL,NULL,NULL,NULL,NULL,'2018-07-17 16:21:17','2018-07-17 16:21:17'),(80,12,'CINTA CON IMPRESION OFERTA 24MM','OF-24',40,NULL,NULL,NULL,NULL,6.00,NULL,NULL,NULL,NULL,NULL,NULL,'2018-07-17 16:21:17','2018-07-17 16:21:17'),(81,12,'CINTA CON IMPRESION OFERTA 36MM','OF-36',40,NULL,NULL,NULL,NULL,9.00,NULL,NULL,NULL,NULL,NULL,NULL,'2018-07-17 16:21:17','2018-07-17 16:21:17'),(82,13,'CINTA DE ALUMINIO 48MM X 20M','CI-A20',40,NULL,NULL,NULL,NULL,50.00,NULL,NULL,NULL,NULL,NULL,NULL,'2018-07-17 16:21:17','2018-07-17 16:21:17'),(83,13,'CINTA DE ALUMINIO CON FIBRA DE VIDRIO 60MM X 20Y','CI-AH20',40,NULL,NULL,NULL,NULL,40.00,NULL,NULL,NULL,NULL,NULL,NULL,'2018-07-17 16:21:17','2018-07-17 16:21:17'),(84,13,'CINTA DE ALUMINIO DE 10Y','CI-A10',40,NULL,NULL,NULL,NULL,10.00,NULL,NULL,NULL,NULL,NULL,NULL,'2018-07-17 16:21:18','2018-07-17 16:21:18'),(85,13,'CINTA DE ALUMINIO DE 10Y DE 4\"','CI-A10D',40,NULL,NULL,NULL,NULL,20.00,NULL,NULL,NULL,NULL,NULL,NULL,'2018-07-17 16:21:18','2018-07-17 16:21:18'),(86,13,'CINTA DE ALUMINIO DE 40Y','CI-A40',40,NULL,NULL,NULL,NULL,40.00,NULL,NULL,NULL,NULL,NULL,NULL,'2018-07-17 16:21:18','2018-07-17 16:21:18'),(87,14,'C. DOBLE CONTACTO BUTILICA 1MMX15MMX20MT.','BU-115',40,NULL,NULL,NULL,NULL,50.00,NULL,NULL,NULL,NULL,NULL,NULL,'2018-07-17 16:21:18','2018-07-17 16:21:18'),(88,14,'C. DOBLE CONTACTO DE PAPEL 06MMX30Y','CD-TT6',40,NULL,NULL,NULL,NULL,3.00,NULL,NULL,NULL,NULL,NULL,NULL,'2018-07-17 16:21:18','2018-07-17 16:21:18'),(89,14,'C.DOBLE CONTACTO 18MMX25Y','CD-1118',40,NULL,NULL,NULL,NULL,60.00,NULL,NULL,NULL,NULL,NULL,NULL,'2018-07-17 16:21:18','2018-07-17 16:21:18'),(90,14,'C.DOBLE CONTACTO 24MMX25Y','CD-1124',40,NULL,NULL,NULL,NULL,80.00,NULL,NULL,NULL,NULL,NULL,NULL,'2018-07-17 16:21:18','2018-07-17 16:21:18'),(91,14,'C.DOBLE CONTACTO DE PAPEL 12MMX30Y','CD-TT12',40,NULL,NULL,NULL,NULL,6.00,NULL,NULL,NULL,NULL,NULL,NULL,'2018-07-17 16:21:18','2018-07-17 16:21:18'),(92,14,'C.DOBLE CONTACTO DE PAPEL 18MMX30Y','CD-TT18',40,NULL,NULL,NULL,NULL,9.00,NULL,NULL,NULL,NULL,NULL,NULL,'2018-07-17 16:21:18','2018-07-17 16:21:18'),(93,14,'C.DOBLE CONTACTO PAPEL 24MMX30Y','CD-TT24',40,NULL,NULL,NULL,NULL,12.00,NULL,NULL,NULL,NULL,NULL,NULL,'2018-07-17 16:21:18','2018-07-17 16:21:18'),(94,14,'C.DOBLE CONTACTO12MMX25Y','CD-1112',40,NULL,NULL,NULL,NULL,40.00,NULL,NULL,NULL,NULL,NULL,NULL,'2018-07-17 16:21:18','2018-07-17 16:21:18'),(95,14,'CINTA DE ESPUMA DE UN SOLO CONTACTO, 8Y','ES-418',40,NULL,NULL,NULL,NULL,25.00,NULL,NULL,NULL,NULL,NULL,NULL,'2018-07-17 16:21:18','2018-07-17 16:21:18'),(96,14,'CINTA DE RESINA NATURAL PARA MOSCAS','CD-M',40,NULL,NULL,NULL,NULL,2460.00,NULL,NULL,NULL,NULL,NULL,NULL,'2018-07-17 16:21:18','2018-07-17 16:21:18'),(97,14,'CINTA DOBLE CONT. 12MM X 20Y','CD-312T',40,NULL,NULL,NULL,NULL,12.00,NULL,NULL,NULL,NULL,NULL,NULL,'2018-07-17 16:21:19','2018-07-17 16:21:19'),(98,14,'CINTA DOBLE CONT. 18MM X 20Y','CD-318T',40,NULL,NULL,NULL,NULL,15.00,NULL,NULL,NULL,NULL,NULL,NULL,'2018-07-17 16:21:19','2018-07-17 16:21:19'),(99,14,'CINTA DOBLE CONT. 24MM X 20Y','CD-324T',40,NULL,NULL,NULL,NULL,19.00,NULL,NULL,NULL,NULL,NULL,NULL,'2018-07-17 16:21:19','2018-07-17 16:21:19'),(100,14,'CINTA DOBLE CONT. 48MM X 20Y','CD-348T',40,NULL,NULL,NULL,NULL,30.00,NULL,NULL,NULL,NULL,NULL,NULL,'2018-07-17 16:21:19','2018-07-17 16:21:19'),(101,14,'CINTA DOBLE CONT. ACOLC.12MM X 5Y','CD5-112',40,NULL,NULL,NULL,NULL,5.00,NULL,NULL,NULL,NULL,NULL,NULL,'2018-07-17 16:21:19','2018-07-17 16:21:19'),(102,14,'CINTA DOBLE CONT. ACOLC.18MM X 5Y','CD5-118',40,NULL,NULL,NULL,NULL,7.50,NULL,NULL,NULL,NULL,NULL,NULL,'2018-07-17 16:21:19','2018-07-17 16:21:19'),(103,14,'CINTA DOBLE CONT. ACOLC.24MM X 5Y','CD5-124',40,NULL,NULL,NULL,NULL,10.00,NULL,NULL,NULL,NULL,NULL,NULL,'2018-07-17 16:21:19','2018-07-17 16:21:19'),(104,14,'CINTA DOBLE CONT. ACOLC.48MM X 5 Y','CD5-148',40,NULL,NULL,NULL,NULL,20.00,NULL,NULL,NULL,NULL,NULL,NULL,'2018-07-17 16:21:19','2018-07-17 16:21:19'),(105,14,'CINTA DOBLE CONT. ACOLCH. 06MM','CD-106',40,NULL,NULL,NULL,NULL,12.00,NULL,NULL,NULL,NULL,NULL,NULL,'2018-07-17 16:21:19','2018-07-17 16:21:19'),(106,14,'CINTA DOBLE CONT. ACOLCH. 12MM','CD-112',40,NULL,NULL,NULL,NULL,20.00,NULL,NULL,NULL,NULL,NULL,NULL,'2018-07-17 16:21:19','2018-07-17 16:21:19'),(107,14,'CINTA DOBLE CONT. ACOLCH. 18MM','CD-118',40,NULL,NULL,NULL,NULL,30.00,NULL,NULL,NULL,NULL,NULL,NULL,'2018-07-17 16:21:19','2018-07-17 16:21:19'),(108,14,'CINTA DOBLE CONT. ACOLCH.12MM X 0,8MM','CD-112A',40,NULL,NULL,NULL,NULL,50.00,NULL,NULL,NULL,NULL,NULL,NULL,'2018-07-17 16:21:19','2018-07-17 16:21:19'),(109,14,'CINTA DOBLE CONT. CRISTAL.12MM','CD-12T',40,NULL,NULL,NULL,NULL,50.00,NULL,NULL,NULL,NULL,NULL,NULL,'2018-07-17 16:21:19','2018-07-17 16:21:19'),(110,14,'CINTA DOBLE CONT. CRISTAL.24MM','CD-24T',40,NULL,NULL,NULL,NULL,100.00,NULL,NULL,NULL,NULL,NULL,NULL,'2018-07-17 16:21:19','2018-07-17 16:21:19'),(111,14,'CINTA DOBLE CONT. DE TELA 18 X 10Y','CD-T18',40,NULL,NULL,NULL,NULL,9.00,NULL,NULL,NULL,NULL,NULL,NULL,'2018-07-17 16:21:20','2018-07-17 16:21:20'),(112,14,'CINTA DOBLE CONT. DE TELA 36 X 10Y','CD-T36',40,NULL,NULL,NULL,NULL,18.00,NULL,NULL,NULL,NULL,NULL,NULL,'2018-07-17 16:21:20','2018-07-17 16:21:20'),(113,14,'CINTA DOBLE CONT. GRIS.12MM X 2MM','CD-12ACR',40,NULL,NULL,NULL,NULL,70.00,NULL,NULL,NULL,NULL,NULL,NULL,'2018-07-17 16:21:20','2018-07-17 16:21:20'),(114,14,'CINTA DOBLE CONT. PET, 150MM X 20Y','CD-3150T',40,NULL,NULL,NULL,NULL,90.00,NULL,NULL,NULL,NULL,NULL,NULL,'2018-07-17 16:21:20','2018-07-17 16:21:20'),(115,14,'CINTA DOBLE CONT. PET, 200MM X 20Y','CD-3200T',40,NULL,NULL,NULL,NULL,115.00,NULL,NULL,NULL,NULL,NULL,NULL,'2018-07-17 16:21:20','2018-07-17 16:21:20'),(116,14,'CINTA DOBLE CONT. PET, 300MM X 20Y','CD-3300T',40,NULL,NULL,NULL,NULL,175.00,NULL,NULL,NULL,NULL,NULL,NULL,'2018-07-17 16:21:20','2018-07-17 16:21:20'),(117,14,'CINTA DOBLE CONT. PET, 500MM X 20Y','CD-3500T',40,NULL,NULL,NULL,NULL,280.00,NULL,NULL,NULL,NULL,NULL,NULL,'2018-07-17 16:21:20','2018-07-17 16:21:20'),(118,14,'CINTA DOBLE CONTACTO','REPULBABLE',40,NULL,NULL,NULL,NULL,70.00,NULL,NULL,NULL,NULL,NULL,NULL,'2018-07-17 16:21:20','2018-07-17 16:21:20'),(119,14,'CINTA DOBLE CONTACTO 10X20MT, 05 ESPESOR','CD-1005',40,NULL,NULL,NULL,NULL,140.00,NULL,NULL,NULL,NULL,NULL,NULL,'2018-07-17 16:21:20','2018-07-17 16:21:20'),(120,14,'CINTA DOBLE CONTACTO 10X20MT, 1.1MM','CD-1011',40,NULL,NULL,NULL,NULL,180.00,NULL,NULL,NULL,NULL,NULL,NULL,'2018-07-17 16:21:20','2018-07-17 16:21:20'),(121,14,'CINTA DOBLE CONTACTO 10X20MT, 2MM','CD-1020',40,NULL,NULL,NULL,NULL,250.00,NULL,NULL,NULL,NULL,NULL,NULL,'2018-07-17 16:21:20','2018-07-17 16:21:20'),(122,14,'CINTA DOBLE CONTACTO 160MM TRANS.','CD-3160T',40,NULL,NULL,NULL,NULL,160.00,NULL,NULL,NULL,NULL,NULL,NULL,'2018-07-17 16:21:20','2018-07-17 16:21:20'),(123,14,'CINTA DOBLE CONTACTO 18MM X 10Y','CD-P18T',40,NULL,NULL,NULL,NULL,25.00,NULL,NULL,NULL,NULL,NULL,NULL,'2018-07-17 16:21:20','2018-07-17 16:21:20'),(124,14,'CINTA DOBLE CONTACTO PERMANENTE, P/ SELLAR BOLSAS','PB-12',40,NULL,NULL,NULL,NULL,500.00,NULL,NULL,NULL,NULL,NULL,NULL,'2018-07-17 16:21:21','2018-07-17 16:21:21'),(125,14,'CINTAS DOBLE CONT.ACOLCH DE 10MM','CD-110',40,NULL,NULL,NULL,NULL,18.00,NULL,NULL,NULL,NULL,NULL,NULL,'2018-07-17 16:21:21','2018-07-17 16:21:21'),(126,15,'CINTA CON HILO REFORZADO DE 10Y','CI-H10',40,NULL,NULL,NULL,NULL,20.00,NULL,NULL,NULL,NULL,NULL,NULL,'2018-07-17 16:21:21','2018-07-17 16:21:21'),(127,15,'CINTA DE EMB. 100V, B, R, AM, AZ, N','CE-100B',40,NULL,NULL,NULL,NULL,15.00,NULL,NULL,NULL,NULL,NULL,NULL,'2018-07-17 16:21:21','2018-07-17 16:21:21'),(128,15,'CINTA DE EMB. 30V, B, R, AM, AZ, N','CE-30B',40,NULL,NULL,NULL,NULL,5.00,NULL,NULL,NULL,NULL,NULL,NULL,'2018-07-17 16:21:21','2018-07-17 16:21:21'),(129,15,'CINTA DE EMB. INDUSTRIAL CAFE','CE-INDC',40,NULL,NULL,NULL,NULL,15.00,NULL,NULL,NULL,NULL,NULL,NULL,'2018-07-17 16:21:21','2018-07-17 16:21:21'),(130,15,'CINTA DE EMB. INDUSTRIAL TRANS','CE-INDT',40,NULL,NULL,NULL,NULL,15.00,NULL,NULL,NULL,NULL,NULL,NULL,'2018-07-17 16:21:21','2018-07-17 16:21:21'),(131,15,'CINTA DE EMBALAGE 250T 4\", TRANSP.','T4-250T',40,NULL,NULL,NULL,NULL,60.00,NULL,NULL,NULL,NULL,NULL,NULL,'2018-07-17 16:21:21','2018-07-17 16:21:21'),(132,15,'CINTA DE EMBALAJE BOLIVIA','CBO-30',40,NULL,NULL,NULL,NULL,6.00,NULL,NULL,NULL,NULL,NULL,NULL,'2018-07-17 16:21:22','2018-07-17 16:21:22'),(133,15,'CINTA DE EMBALAJE 100C. DE PVC CAFE MAT. ALEMAN','CP-100C',40,NULL,NULL,NULL,NULL,17.50,NULL,NULL,NULL,NULL,NULL,NULL,'2018-07-17 16:21:22','2018-07-17 16:21:22'),(134,15,'CINTA DE EMBALAJE 100T. DE PVC TRANS. MAT. ALEMAN','CP-100T',40,NULL,NULL,NULL,NULL,17.50,NULL,NULL,NULL,NULL,NULL,NULL,'2018-07-17 16:21:22','2018-07-17 16:21:22'),(135,15,'CINTA DE EMBALAJE 150T','CE-150T',40,NULL,NULL,NULL,NULL,14.00,NULL,NULL,NULL,NULL,NULL,NULL,'2018-07-17 16:21:22','2018-07-17 16:21:22'),(136,15,'CINTA DE EMBALAJE 350 TRASP. DE PVC MAT. ALEMAN','CP-350T',40,NULL,NULL,NULL,NULL,87.00,NULL,NULL,NULL,NULL,NULL,NULL,'2018-07-17 16:21:22','2018-07-17 16:21:22'),(137,15,'CINTA DE EMBALAJE BOLIVIA','CBO-100',40,NULL,NULL,NULL,NULL,18.00,NULL,NULL,NULL,NULL,NULL,NULL,'2018-07-17 16:21:22','2018-07-17 16:21:22'),(138,15,'CINTA DE EMBALAJE CON ADHESIVO ESPECIAL CAFE','CE-100SC',40,NULL,NULL,NULL,NULL,14.00,NULL,NULL,NULL,NULL,NULL,NULL,'2018-07-17 16:21:22','2018-07-17 16:21:22'),(139,15,'CINTA DE EMBALAJE CON ADHESIVO ESPECIAL TRANSPARENTE','CE-100ST',40,NULL,NULL,NULL,NULL,14.00,NULL,NULL,NULL,NULL,NULL,NULL,'2018-07-17 16:21:23','2018-07-17 16:21:23'),(140,15,'CINTA DE EMBALAJE DE 100C,CAFE','CE-100C',40,NULL,NULL,NULL,NULL,9.00,NULL,NULL,NULL,NULL,NULL,NULL,'2018-07-17 16:21:23','2018-07-17 16:21:23'),(141,15,'CINTA DE EMBALAJE DE 100T,TRANS','CE-100T',40,NULL,NULL,NULL,NULL,9.00,NULL,NULL,NULL,NULL,NULL,NULL,'2018-07-17 16:21:23','2018-07-17 16:21:23'),(142,15,'CINTA DE EMBALAJE DE 200C, CAFE','CE-200C',40,NULL,NULL,NULL,NULL,20.00,NULL,NULL,NULL,NULL,NULL,NULL,'2018-07-17 16:21:23','2018-07-17 16:21:23'),(143,15,'CINTA DE EMBALAJE DE 200T, TRANS','CE-200T',40,NULL,NULL,NULL,NULL,16.00,NULL,NULL,NULL,NULL,NULL,NULL,'2018-07-17 16:21:23','2018-07-17 16:21:23'),(144,15,'CINTA DE EMBALAJE DE 20C, CAFE','CE-20C',40,NULL,NULL,NULL,NULL,3.00,NULL,NULL,NULL,NULL,NULL,NULL,'2018-07-17 16:21:23','2018-07-17 16:21:23'),(145,15,'CINTA DE EMBALAJE DE 20T, TRANS','CE-20T',40,NULL,NULL,NULL,NULL,3.00,NULL,NULL,NULL,NULL,NULL,NULL,'2018-07-17 16:21:23','2018-07-17 16:21:23'),(146,15,'CINTA DE EMBALAJE DE 250C, CAFE','CE-250C',40,NULL,NULL,NULL,NULL,20.00,NULL,NULL,NULL,NULL,NULL,NULL,'2018-07-17 16:21:23','2018-07-17 16:21:23'),(147,15,'CINTA DE EMBALAJE DE 250T,TRANS','CE-250T',40,NULL,NULL,NULL,NULL,20.00,NULL,NULL,NULL,NULL,NULL,NULL,'2018-07-17 16:21:23','2018-07-17 16:21:23'),(148,15,'CINTA DE EMBALAJE DE 3\", CAFE','T3-30C',40,NULL,NULL,NULL,NULL,6.00,NULL,NULL,NULL,NULL,NULL,NULL,'2018-07-17 16:21:23','2018-07-17 16:21:23'),(149,15,'CINTA DE EMBALAJE DE 3\", CAFE DE 100C','T3-100C',40,NULL,NULL,NULL,NULL,18.00,NULL,NULL,NULL,NULL,NULL,NULL,'2018-07-17 16:21:23','2018-07-17 16:21:23'),(150,15,'CINTA DE EMBALAJE DE 3\", TRANSP.','T3-30T',40,NULL,NULL,NULL,NULL,6.00,NULL,NULL,NULL,NULL,NULL,NULL,'2018-07-17 16:21:23','2018-07-17 16:21:23'),(151,15,'CINTA DE EMBALAJE DE 3\", TRANSP. DE 100T','T3-100T',40,NULL,NULL,NULL,NULL,18.00,NULL,NULL,NULL,NULL,NULL,NULL,'2018-07-17 16:21:23','2018-07-17 16:21:23'),(152,15,'CINTA DE EMBALAJE DE 30C, CAFE','CE-30C',40,NULL,NULL,NULL,NULL,3.50,NULL,NULL,NULL,NULL,NULL,NULL,'2018-07-17 16:21:23','2018-07-17 16:21:23'),(153,15,'CINTA DE EMBALAJE DE 30T, TRANS','CE-30T',40,NULL,NULL,NULL,NULL,3.34,NULL,NULL,NULL,NULL,NULL,NULL,'2018-07-17 16:21:23','2018-07-17 16:21:23'),(154,15,'CINTA DE EMBALAJE DE 500C, CAFE','CE-500C',40,NULL,NULL,NULL,NULL,40.00,NULL,NULL,NULL,NULL,NULL,NULL,'2018-07-17 16:21:23','2018-07-17 16:21:23'),(155,15,'CINTA DE EMBALAJE DE 500T, TRANS','CE-500T',40,NULL,NULL,NULL,NULL,40.00,NULL,NULL,NULL,NULL,NULL,NULL,'2018-07-17 16:21:24','2018-07-17 16:21:24'),(156,15,'CINTA DE EMBALAJE DE 60C, CAFE','CE-60C',40,NULL,NULL,NULL,NULL,6.00,NULL,NULL,NULL,NULL,NULL,NULL,'2018-07-17 16:21:24','2018-07-17 16:21:24'),(157,15,'CINTA DE EMBALAJE DE 60T, TRANS','CE-60T',40,NULL,NULL,NULL,NULL,6.00,NULL,NULL,NULL,NULL,NULL,NULL,'2018-07-17 16:21:24','2018-07-17 16:21:24'),(158,15,'CINTA DE EMBALAJE DE 950C, CAFE','CE-950C',40,NULL,NULL,NULL,NULL,90.00,NULL,NULL,NULL,NULL,NULL,NULL,'2018-07-17 16:21:24','2018-07-17 16:21:24'),(159,15,'CINTA DE EMBALAJE DE 950T, TRANS','CE-950T',40,NULL,NULL,NULL,NULL,90.00,NULL,NULL,NULL,NULL,NULL,NULL,'2018-07-17 16:21:24','2018-07-17 16:21:24'),(160,15,'CINTA DE EMBALAJE INDUSTRIAL 30C','CE-I30C',40,NULL,NULL,NULL,NULL,6.00,NULL,NULL,NULL,NULL,NULL,NULL,'2018-07-17 16:21:24','2018-07-17 16:21:24'),(161,15,'CINTA DE MALLA DE FIBRA DE VIDRIO P/EMPALME','CI-D40',40,NULL,NULL,NULL,NULL,25.00,NULL,NULL,NULL,NULL,NULL,NULL,'2018-07-17 16:21:24','2018-07-17 16:21:24'),(162,15,'CINTA EMBALAJE INDUSTRIAL 30T','CE-I30T',40,NULL,NULL,NULL,NULL,6.00,NULL,NULL,NULL,NULL,NULL,NULL,'2018-07-17 16:21:24','2018-07-17 16:21:24'),(163,16,'CINTA DE POLIESTER SIN RESIDUOS 36MMX40Y','PT-36',40,NULL,NULL,NULL,NULL,36.00,NULL,NULL,NULL,NULL,NULL,NULL,'2018-07-17 16:21:24','2018-07-17 16:21:24'),(164,16,'CINTAS DE POLIESTER SIN RESIDUOS 18MMX40Y','PT-18',40,NULL,NULL,NULL,NULL,18.00,NULL,NULL,NULL,NULL,NULL,NULL,'2018-07-17 16:21:24','2018-07-17 16:21:24'),(165,17,'CINTA DE TEFLON P. EMBOLSADORAS DE 24MMX10Y','TE-2410',40,NULL,NULL,NULL,NULL,100.00,NULL,NULL,NULL,NULL,NULL,NULL,'2018-07-17 16:21:24','2018-07-17 16:21:24'),(166,17,'CINTA DE TEFLON P. EMBOLSADORAS DE 24MMX5Y','TE-245',40,NULL,NULL,NULL,NULL,50.00,NULL,NULL,NULL,NULL,NULL,NULL,'2018-07-17 16:21:24','2018-07-17 16:21:24'),(167,5,'CINTA DE PRECAUCION SIN ADHESIVO ROJO/BLANCO','M15RB',40,'','','','',25.00,'','','S/I','rojo y blanco',NULL,NULL,'2018-07-17 16:21:24','2018-07-17 22:23:28'),(168,18,'CINTA DE TELA DE VARIOS COLORES, 10P','CT2-10B',40,NULL,NULL,NULL,NULL,10.00,NULL,NULL,NULL,NULL,NULL,NULL,'2018-07-17 16:21:24','2018-07-17 16:21:24'),(169,18,'CINTA DE TELA FLEXIBLE P. DUCTOS 10P.','CT1-10P',40,NULL,NULL,NULL,NULL,10.00,NULL,NULL,NULL,NULL,NULL,NULL,'2018-07-17 16:21:24','2018-07-17 16:21:24'),(170,18,'CINTA DE TELA FLEXIBLE P. DUCTOS 50P.','CT1-50P',40,NULL,NULL,NULL,NULL,32.00,NULL,NULL,NULL,NULL,NULL,NULL,'2018-07-17 16:21:24','2018-07-17 16:21:24'),(171,18,'CINTA DE TELA GRUESA P. DUCTOS 1\"','CT-10P1',40,NULL,NULL,NULL,NULL,6.00,NULL,NULL,NULL,NULL,NULL,NULL,'2018-07-17 16:21:24','2018-07-17 16:21:24'),(172,18,'CINTA DE TELA GRUESA P. DUCTOS 10P.','CT2-10P',40,NULL,NULL,NULL,NULL,10.00,NULL,NULL,NULL,NULL,NULL,NULL,'2018-07-17 16:21:24','2018-07-17 16:21:24'),(173,18,'CINTA DE TELA GRUESA P. DUCTOS 50P.','CT2-50P',40,NULL,NULL,NULL,NULL,32.00,NULL,NULL,NULL,NULL,NULL,NULL,'2018-07-17 16:21:25','2018-07-17 16:21:25'),(174,18,'CINTA DE TELA P. DUCTOS INDUSTRIAL','CT3-IN',40,NULL,NULL,NULL,NULL,35.00,NULL,NULL,NULL,NULL,NULL,NULL,'2018-07-17 16:21:25','2018-07-17 16:21:25'),(175,18,'CINTA DE TELA REFORZADO P. LIBROS','CT4-10N',40,NULL,NULL,NULL,NULL,25.00,NULL,NULL,NULL,NULL,NULL,NULL,'2018-07-17 16:21:25','2018-07-17 16:21:25'),(176,18,'CINTAS ADHESIVAS STAFFA TAPE 48MM X 10Y','CT-S2',40,NULL,NULL,NULL,NULL,20.00,NULL,NULL,NULL,NULL,NULL,NULL,'2018-07-17 16:21:25','2018-07-17 16:21:25'),(177,19,'CINTAS P/ ETIQUETAR DE 800U. COLORES DE 26 MM','PLD-26C',40,NULL,NULL,NULL,NULL,55.00,NULL,NULL,NULL,NULL,NULL,NULL,'2018-07-17 16:21:25','2018-07-17 16:21:25'),(178,19,'CINTAS P/ETIQUETAR BLANCO DE 21 MM DE 400U','PLS-21B',40,NULL,NULL,NULL,NULL,12.00,NULL,NULL,NULL,NULL,NULL,NULL,'2018-07-17 16:21:25','2018-07-17 16:21:25'),(179,19,'CINTAS P/ETIQUETAR BLANCO DE 26 MM DE 400U.','PLS-26B',40,NULL,NULL,NULL,NULL,25.00,NULL,NULL,NULL,NULL,NULL,NULL,'2018-07-17 16:21:25','2018-07-17 16:21:25'),(180,19,'CINTAS P/ETIQUETAR ROJO','PLD-21C',40,NULL,NULL,NULL,NULL,30.00,NULL,NULL,NULL,NULL,NULL,NULL,'2018-07-17 16:21:25','2018-07-17 16:21:25'),(181,19,'ETIQUETAS 21MM, 400U, COLORES','PLS-21C',40,NULL,NULL,NULL,NULL,16.00,NULL,NULL,NULL,NULL,NULL,NULL,'2018-07-17 16:21:25','2018-07-17 16:21:25'),(182,19,'ETIQUETAS 21MM, BLANCO 800U','PLD-21B',40,NULL,NULL,NULL,NULL,22.00,NULL,NULL,NULL,NULL,NULL,NULL,'2018-07-17 16:21:25','2018-07-17 16:21:25'),(183,19,'ETIQUETAS 26 MM, BLANCO, DOBLE','PLD-26B',40,NULL,NULL,NULL,NULL,45.00,NULL,NULL,NULL,NULL,NULL,NULL,'2018-07-17 16:21:25','2018-07-17 16:21:25'),(184,19,'ETIQUETAS 26MM,400U, COLORES','PLS-26C',40,NULL,NULL,NULL,NULL,30.00,NULL,NULL,NULL,NULL,NULL,NULL,'2018-07-17 16:21:25','2018-07-17 16:21:25'),(185,20,'CINTA DECORATIVA DE PAPEL, STAFFA TAPE NO. 1, 30Y','WT-18C',40,NULL,NULL,NULL,NULL,10.00,NULL,NULL,NULL,NULL,NULL,NULL,'2018-07-17 16:21:25','2018-07-17 16:21:25'),(186,20,'CINTA DECORATIVA DE PAPEL, STAFFA TAPE NO. 2, 30Y','WT-96C',40,NULL,NULL,NULL,NULL,50.00,NULL,NULL,NULL,NULL,NULL,NULL,'2018-07-17 16:21:25','2018-07-17 16:21:25'),(187,20,'CINTA DECORATIVA PARA PAREDES DE 4\", 30Y','WU-100',40,NULL,NULL,NULL,NULL,22.00,NULL,NULL,NULL,NULL,NULL,NULL,'2018-07-17 16:21:25','2018-07-17 16:21:25'),(188,20,'CINTA MASKING CON HDPE, PINTURA EN GENERAL','CM-18HD',40,NULL,NULL,NULL,NULL,20.00,NULL,NULL,NULL,NULL,NULL,NULL,'2018-07-17 16:21:25','2018-07-17 16:21:25'),(189,20,'CINTA MASKING DE 12MM (1/2)','CM-12',40,NULL,NULL,NULL,NULL,2.50,NULL,NULL,NULL,NULL,NULL,NULL,'2018-07-17 16:21:25','2018-07-17 16:21:25'),(190,20,'CINTA MASKING DE 12MM (1/2) AUT','CM-12A',40,NULL,NULL,NULL,NULL,3.00,NULL,NULL,NULL,NULL,NULL,NULL,'2018-07-17 16:21:26','2018-07-17 16:21:26'),(191,20,'CINTA MASKING DE 14MM (5/8) AUT.','CM-14A',40,NULL,NULL,NULL,NULL,4.00,NULL,NULL,NULL,NULL,NULL,NULL,'2018-07-17 16:21:26','2018-07-17 16:21:26'),(192,20,'CINTA MASKING DE 18MM (3/4)','CM-18',40,NULL,NULL,NULL,NULL,3.75,NULL,NULL,NULL,NULL,NULL,NULL,'2018-07-17 16:21:26','2018-07-17 16:21:26'),(193,20,'CINTA MASKING DE 18MM (3/4) AUT.','CM-18A',40,NULL,NULL,NULL,NULL,5.00,NULL,NULL,NULL,NULL,NULL,NULL,'2018-07-17 16:21:26','2018-07-17 16:21:26'),(194,20,'CINTA MASKING DE 24MM (1\")','CM-24',40,NULL,NULL,NULL,NULL,5.00,NULL,NULL,NULL,NULL,NULL,NULL,'2018-07-17 16:21:26','2018-07-17 16:21:26'),(195,20,'CINTA MASKING DE 24MM (1\") AUT.','CM-24A',40,NULL,NULL,NULL,NULL,6.00,NULL,NULL,NULL,NULL,NULL,NULL,'2018-07-17 16:21:26','2018-07-17 16:21:26'),(196,20,'CINTA MASKING DE 36MM (1 1/2)','CM-36',40,NULL,NULL,NULL,NULL,7.50,NULL,NULL,NULL,NULL,NULL,NULL,'2018-07-17 16:21:26','2018-07-17 16:21:26'),(197,20,'CINTA MASKING DE 36MM (1 1/2) AUT.','CM-36A',40,NULL,NULL,NULL,NULL,9.00,NULL,NULL,NULL,NULL,NULL,NULL,'2018-07-17 16:21:26','2018-07-17 16:21:26'),(198,20,'CINTA MASKING DE 48MM (2\")','CM-48',40,NULL,NULL,NULL,NULL,10.00,NULL,NULL,NULL,NULL,NULL,NULL,'2018-07-17 16:21:26','2018-07-17 16:21:26'),(199,20,'CINTA MASKING DE 48MM (2\") AUT.','CM-48A',40,NULL,NULL,NULL,NULL,12.00,NULL,NULL,NULL,NULL,NULL,NULL,'2018-07-17 16:21:26','2018-07-17 16:21:26'),(200,20,'CINTA MASKING DE 6MM (1/4) AUT.','CM-06A',40,NULL,NULL,NULL,NULL,2.00,NULL,NULL,NULL,NULL,NULL,NULL,'2018-07-17 16:21:26','2018-07-17 16:21:26'),(201,20,'CINTA MASKING DE AVIACION, ULTRA FINA, 18MM X 30Y','CM-U18',40,NULL,NULL,NULL,NULL,6.50,NULL,NULL,NULL,NULL,NULL,NULL,'2018-07-17 16:21:26','2018-07-17 16:21:26'),(202,20,'CINTA MASKING DE AVIACION, ULTRA FINA, 24MM X 30Y','CM-U24',40,NULL,NULL,NULL,NULL,9.00,NULL,NULL,NULL,NULL,NULL,NULL,'2018-07-17 16:21:26','2018-07-17 16:21:26'),(203,20,'CINTA MASKING DE AVIACION, ULTRA FINA, 48MM X 30Y','CM-U48',40,NULL,NULL,NULL,NULL,18.00,NULL,NULL,NULL,NULL,NULL,NULL,'2018-07-17 16:21:26','2018-07-17 16:21:26'),(204,20,'CINTA MASKING PINTURA EN GENERAL, VERDE 12MM','CM-12V',40,NULL,NULL,NULL,NULL,10.00,NULL,NULL,NULL,NULL,NULL,NULL,'2018-07-17 16:21:26','2018-07-17 16:21:26'),(205,20,'CINTA MASKING PINTURA EN GENERAL, VERDE 18MM','CM-18V',40,NULL,NULL,NULL,NULL,15.00,NULL,NULL,NULL,NULL,NULL,NULL,'2018-07-17 16:21:26','2018-07-17 16:21:26'),(206,20,'CINTA MASKING PINTURA ESPECIAL P/ HUMEDAD','CM-15E',40,NULL,NULL,NULL,NULL,4.00,NULL,NULL,NULL,NULL,NULL,NULL,'2018-07-17 16:21:26','2018-07-17 16:21:26'),(207,20,'CINTA MASKING PINTURA ESPECIAL P/ HUMEDAD','CM-20E',40,NULL,NULL,NULL,NULL,6.00,NULL,NULL,NULL,NULL,NULL,NULL,'2018-07-17 16:21:27','2018-07-17 16:21:27'),(208,20,'CINTA MASKING VERDE, 06MM','CM-06V',40,NULL,NULL,NULL,NULL,3.00,NULL,NULL,NULL,NULL,NULL,NULL,'2018-07-17 16:21:27','2018-07-17 16:21:27'),(209,21,'8 UND. CINTA P. ESCR. GORDITOS 19MM','CL-119',40,NULL,NULL,NULL,NULL,15.00,NULL,NULL,NULL,NULL,NULL,NULL,'2018-07-17 16:21:27','2018-07-17 16:21:27'),(210,21,'12UNI. CINTA PARA ESCRITORIO 17MM X25Y','CL-117',40,NULL,NULL,NULL,NULL,18.00,NULL,NULL,NULL,NULL,NULL,NULL,'2018-07-17 16:21:27','2018-07-17 16:21:27'),(211,21,'CINTA ESC. ARO ANCHO DE 12MM AMARILLO','CL-312Y',40,NULL,NULL,NULL,NULL,1.75,NULL,NULL,NULL,NULL,NULL,NULL,'2018-07-17 16:21:27','2018-07-17 16:21:27'),(212,21,'CINTA INVISIBLE PARA DOC. DE 18MM','CL-INV',40,NULL,NULL,NULL,NULL,8.00,NULL,NULL,NULL,NULL,NULL,NULL,'2018-07-17 16:21:27','2018-07-17 16:21:27'),(213,21,'CINTA P. ESC. ARO ANCHO DE 12MM','CL-312',40,NULL,NULL,NULL,NULL,1.75,NULL,NULL,NULL,NULL,NULL,NULL,'2018-07-17 16:21:27','2018-07-17 16:21:27'),(214,21,'CINTA P. ESC. ARO ANCHO DE 19MM','CL-319',40,NULL,NULL,NULL,NULL,2.62,NULL,NULL,NULL,NULL,NULL,NULL,'2018-07-17 16:21:27','2018-07-17 16:21:27'),(215,21,'CINTA P. ESC. ARO ANCHO DE 24MM','CL-324',40,NULL,NULL,NULL,NULL,3.50,NULL,NULL,NULL,NULL,NULL,NULL,'2018-07-17 16:21:27','2018-07-17 16:21:27'),(216,21,'CINTA P. ESC. DE 12MM DOBLE','CL-112D',40,NULL,NULL,NULL,NULL,21.00,NULL,NULL,NULL,NULL,NULL,NULL,'2018-07-17 16:21:27','2018-07-17 16:21:27'),(217,21,'CINTA P. ESC. DE BS 0,5 AMARILLO','CL-1121Y',40,NULL,NULL,NULL,NULL,6.00,NULL,NULL,NULL,NULL,NULL,NULL,'2018-07-17 16:21:27','2018-07-17 16:21:27'),(218,21,'CINTA P. ESC. DE BS 1, AMARILLO','CL-112Y',40,NULL,NULL,NULL,NULL,12.00,NULL,NULL,NULL,NULL,NULL,NULL,'2018-07-17 16:21:27','2018-07-17 16:21:27'),(219,21,'CINTA P. ESCRITORIO DE BS 0,5','CL-1121',40,NULL,NULL,NULL,NULL,6.00,NULL,NULL,NULL,NULL,NULL,NULL,'2018-07-17 16:21:27','2018-07-17 16:21:27'),(220,21,'CINTA P. ESCRITORIO DE BS 1, 12MM','CL-112',40,NULL,NULL,NULL,NULL,12.00,NULL,NULL,NULL,NULL,NULL,NULL,'2018-07-17 16:21:27','2018-07-17 16:21:27'),(221,21,'CINTA P. ESCRITORIO GORDITOS 19MM DOBLE','CL-119D',40,NULL,NULL,NULL,NULL,28.00,NULL,NULL,NULL,NULL,NULL,NULL,'2018-07-17 16:21:27','2018-07-17 16:21:27'),(222,21,'CINTA P. ESCRITORIO GORDITOS 19MM ESPECIAL','CL-119E',40,NULL,NULL,NULL,NULL,6.00,NULL,NULL,NULL,NULL,NULL,NULL,'2018-07-17 16:21:27','2018-07-17 16:21:27'),(223,21,'CINTA P/ESCRITORIO ARO ANCHO 18MM X 100Y','CL-319D',40,NULL,NULL,NULL,NULL,7.00,NULL,NULL,NULL,NULL,NULL,NULL,'2018-07-17 16:21:28','2018-07-17 16:21:28'),(224,21,'CINTA PVC,9 X 66 MTS ROJO Y VERDE','CL-309RV',40,NULL,NULL,NULL,NULL,10.00,NULL,NULL,NULL,NULL,NULL,NULL,'2018-07-17 16:21:28','2018-07-17 16:21:28'),(225,22,'CINTA FOTOLUMINICENSE DE 5CM X 45 MT','LU-550',40,NULL,NULL,NULL,NULL,770.00,NULL,NULL,NULL,NULL,NULL,NULL,'2018-07-17 16:21:28','2018-07-17 16:21:28'),(226,22,'CINTA REFLECTIVA \"MANTENGA DISTANCIA\" PARA AUTOS','CR-MANTENGA DISTANCIA',40,NULL,NULL,NULL,NULL,25.00,NULL,NULL,NULL,NULL,NULL,NULL,'2018-07-17 16:21:28','2018-07-17 16:21:28'),(227,22,'CINTA REFLECTIVA 100MM X 50Y','CR-100L',40,NULL,NULL,NULL,NULL,1500.00,NULL,NULL,NULL,NULL,NULL,NULL,'2018-07-17 16:21:28','2018-07-17 16:21:28'),(228,22,'CINTA REFLECTIVA 50MM X 50Y EN COLORES','CR-50HP',40,NULL,NULL,NULL,NULL,1100.00,NULL,NULL,NULL,NULL,NULL,NULL,'2018-07-17 16:21:28','2018-07-17 16:21:28'),(229,22,'CINTA REFLECTIVA 50MMX50Y, AZUL','CR-50B',40,NULL,NULL,NULL,NULL,750.00,NULL,NULL,NULL,NULL,NULL,NULL,'2018-07-17 16:21:28','2018-07-17 16:21:28'),(230,22,'CINTA REFLECTIVA 62CMX50Y','CR-6250L',40,NULL,NULL,NULL,NULL,9400.00,NULL,NULL,NULL,NULL,NULL,NULL,'2018-07-17 16:21:28','2018-07-17 16:21:28'),(231,22,'CINTA REFLECTIVA ALTA DENSIDAD, AMARILLO 100MM X 50Y','CR-100B',40,NULL,NULL,NULL,NULL,1500.00,NULL,NULL,NULL,NULL,NULL,NULL,'2018-07-17 16:21:28','2018-07-17 16:21:28'),(232,22,'CINTA REFLECTIVA EN COLORES','CR-1C',40,NULL,NULL,NULL,NULL,16.00,NULL,NULL,NULL,NULL,NULL,NULL,'2018-07-17 16:21:28','2018-07-17 16:21:28'),(233,22,'CINTA REFLECTIVA ROJO Y BLANCO, 1 PAR','CR-1RB',40,NULL,NULL,NULL,NULL,16.00,NULL,NULL,NULL,NULL,NULL,NULL,'2018-07-17 16:21:28','2018-07-17 16:21:28'),(234,22,'CINTA REFLECTIVA ROJO Y BLANCO, 2 PAR','CR-2RB',40,NULL,NULL,NULL,NULL,30.00,NULL,NULL,NULL,NULL,NULL,NULL,'2018-07-17 16:21:28','2018-07-17 16:21:28'),(235,22,'CINTA REFLECTIVA ROJO Y BLANCO, 50 MT.','CR-50RB',40,NULL,NULL,NULL,NULL,750.00,NULL,NULL,NULL,NULL,NULL,NULL,'2018-07-17 16:21:28','2018-07-17 16:21:28'),(236,22,'CINTA REFLECTIVA, COLOR LIMON Y NARANJA','CR-50L',40,NULL,NULL,NULL,NULL,750.00,NULL,NULL,NULL,NULL,NULL,NULL,'2018-07-17 16:21:28','2018-07-17 16:21:28'),(237,22,'LAMINA FOTOLUMINISCENTE DE 62CM X 1MT','LU-6201',40,NULL,NULL,NULL,NULL,220.00,NULL,NULL,NULL,NULL,NULL,NULL,'2018-07-17 16:21:29','2018-07-17 16:21:29'),(238,22,'LAMINA FOTOLUMINISCENTE, 620MMX50Y','LU-6250',40,NULL,NULL,NULL,NULL,9900.00,NULL,NULL,NULL,NULL,NULL,NULL,'2018-07-17 16:21:29','2018-07-17 16:21:29'),(239,22,'LAMINA REFLECTIVA CON ADHESIVO 62CM X 1MT.','CR-6201',40,NULL,NULL,NULL,NULL,200.00,NULL,NULL,NULL,NULL,NULL,NULL,'2018-07-17 16:21:29','2018-07-17 16:21:29'),(240,22,'LAMINA REFLECTIVA CON ADHESIVO, BLANCO 62CM X50Y','CR-6250',40,NULL,NULL,NULL,NULL,1500.00,NULL,NULL,NULL,NULL,NULL,NULL,'2018-07-17 16:21:29','2018-07-17 16:21:29'),(241,22,'TELA REFLECTIVA DE COLOR PLATA, 24MM X 50MT','TR-2450',40,NULL,NULL,NULL,NULL,260.00,NULL,NULL,NULL,NULL,NULL,NULL,'2018-07-17 16:21:29','2018-07-17 16:21:29'),(242,22,'TELA REFLECTIVA, PLATA, 48MM X 100MT','TR-48100',40,'','','','',990.00,'','','S/I','',NULL,NULL,'2018-07-17 16:21:29','2018-07-17 20:46:20'),(243,22,'TELA REFLECTIVA,COLOR PLATA, 36MM X 50 MT','TR-3650',40,NULL,NULL,NULL,NULL,390.00,NULL,NULL,NULL,NULL,NULL,NULL,'2018-07-17 16:21:29','2018-07-17 16:21:29'),(244,23,'CIINTA PARA DUCTOS DE GAS CON PRIMER DE 25MT','GP-2',40,NULL,NULL,NULL,NULL,375.00,NULL,NULL,NULL,NULL,NULL,NULL,'2018-07-17 16:21:29','2018-07-17 16:21:29'),(245,23,'CINTA ASFALTICA PARA DUCTOS DE GAS','G-15100',40,NULL,NULL,NULL,NULL,750.00,NULL,NULL,NULL,NULL,NULL,NULL,'2018-07-17 16:21:29','2018-07-17 16:21:29'),(246,23,'CINTA DE PVC, NEGRO PARA DUCTOS DE GAS','CI-P25',40,NULL,NULL,NULL,NULL,25.00,NULL,NULL,NULL,NULL,NULL,NULL,'2018-07-17 16:21:29','2018-07-17 16:21:29'),(247,23,'CINTA DE PVC, NEGRO PARA DUCTOS DE GAS 125 MM','CI-P125',40,NULL,NULL,NULL,NULL,6.00,NULL,NULL,NULL,NULL,NULL,NULL,'2018-07-17 16:21:29','2018-07-17 16:21:29'),(248,23,'CINTA P/DUCTOS DE GAS 5CM X 50MT','G-550',40,NULL,NULL,NULL,NULL,150.00,NULL,NULL,NULL,NULL,NULL,NULL,'2018-07-17 16:21:29','2018-07-17 16:21:29'),(249,23,'CINTA P/DUCTOS DE GAS 7,5CM X 50 MT','G-850',40,NULL,NULL,NULL,NULL,190.00,NULL,NULL,NULL,NULL,NULL,NULL,'2018-07-17 16:21:29','2018-07-17 16:21:29'),(250,23,'CINTA PARA GAS CON PRAIMA','G-50P',40,NULL,NULL,NULL,NULL,375.00,NULL,NULL,NULL,NULL,NULL,NULL,'2018-07-17 16:21:29','2018-07-17 16:21:29'),(251,23,'ESPUMA DE POLIETILENO','E-20',40,NULL,NULL,NULL,NULL,750.00,NULL,NULL,NULL,NULL,NULL,NULL,'2018-07-17 16:21:29','2018-07-17 16:21:29'),(252,23,'MEMBRANA ASFALTICA 08X25MT','AL-0825',40,NULL,NULL,NULL,NULL,250.00,NULL,NULL,NULL,NULL,NULL,NULL,'2018-07-17 16:21:30','2018-07-17 16:21:30'),(253,23,'MEMBRANA ASFALTICA DE 04 X 25 MT','AL-0425',40,NULL,NULL,NULL,NULL,150.00,NULL,NULL,NULL,NULL,NULL,NULL,'2018-07-17 16:21:30','2018-07-17 16:21:30'),(254,23,'MEMBRANA ASFALTICA DE 06 CM X 25 MT.','AL-0625',40,NULL,NULL,NULL,NULL,200.00,NULL,NULL,NULL,NULL,NULL,NULL,'2018-07-17 16:21:30','2018-07-17 16:21:30'),(255,23,'MEMBRANA ASFALTICA FIVE STICK DE 30CM X 25MTS.','AL-3025',40,NULL,NULL,NULL,NULL,840.00,NULL,NULL,NULL,NULL,NULL,NULL,'2018-07-17 16:21:30','2018-07-17 16:21:30'),(256,23,'MEMBRANA ASFALTICA, 7 CM DE ANCHO X 25 MTR','AL-0725',40,NULL,NULL,NULL,NULL,225.00,NULL,NULL,NULL,NULL,NULL,NULL,'2018-07-17 16:21:30','2018-07-17 16:21:30'),(257,23,'MENBRANA ASFALTICA FIVE STICK 20CM X 25MT','AL-2025',40,NULL,NULL,NULL,NULL,540.00,NULL,NULL,NULL,NULL,NULL,NULL,'2018-07-17 16:21:30','2018-07-17 16:21:30'),(258,24,'CINTA MAGNETICA DE 18MM','MA-18',40,NULL,NULL,NULL,NULL,25.00,NULL,NULL,NULL,NULL,NULL,NULL,'2018-07-17 16:21:30','2018-07-17 16:21:30'),(259,24,'CINTAS MAGNETICAS EN MONEDAS DE 8UND.','MA-8',40,NULL,NULL,NULL,NULL,10.00,NULL,NULL,NULL,NULL,NULL,NULL,'2018-07-17 16:21:30','2018-07-17 16:21:30'),(260,24,'LAMINA MAGNETICA DE 2MM DE ESPESOR','MA-2',40,NULL,NULL,NULL,NULL,20.00,NULL,NULL,NULL,NULL,NULL,NULL,'2018-07-17 16:21:30','2018-07-17 16:21:30'),(261,24,'LAMINA MAGNETICA DE 3MM DE ESPESOR','MA-3',40,NULL,NULL,NULL,NULL,25.00,NULL,NULL,NULL,NULL,NULL,NULL,'2018-07-17 16:21:30','2018-07-17 16:21:30'),(262,24,'LAMINAS MAGNETICAS CON ADHESIVO DE 0.4MM','MA-0',40,NULL,NULL,NULL,NULL,15.00,NULL,NULL,NULL,NULL,NULL,NULL,'2018-07-17 16:21:30','2018-07-17 16:21:30'),(263,24,'LAMINAS MAGNETICAS DE 1MM','MA-1',40,NULL,NULL,NULL,NULL,15.00,NULL,NULL,NULL,NULL,NULL,NULL,'2018-07-17 16:21:30','2018-07-17 16:21:30'),(264,25,'DISP. CON MANGO P. CINTAS DE EMB.','CS-614',40,NULL,NULL,NULL,NULL,60.00,NULL,NULL,NULL,NULL,NULL,NULL,'2018-07-17 16:21:30','2018-07-17 16:21:30'),(265,25,'DISP. CON MANGO P. CINTAS DE EMB. ECONOMICO ROJO','CS-01',40,NULL,NULL,NULL,NULL,30.00,NULL,NULL,NULL,NULL,NULL,NULL,'2018-07-17 16:21:30','2018-07-17 16:21:30'),(266,25,'DISP. METALICO P. CINTAS DE EMB.','CS-609',40,NULL,NULL,NULL,NULL,14.00,NULL,NULL,NULL,NULL,NULL,NULL,'2018-07-17 16:21:30','2018-07-17 16:21:30'),(267,25,'DISP. PLASTICO P. CINTAS DE EMB.','CS-609P',40,NULL,NULL,NULL,NULL,10.00,NULL,NULL,NULL,NULL,NULL,NULL,'2018-07-17 16:21:31','2018-07-17 16:21:31'),(268,25,'DISPENSADOR P/CERRAR BOLSAS','CS-7605',40,NULL,NULL,NULL,NULL,200.00,NULL,NULL,NULL,NULL,NULL,NULL,'2018-07-17 16:21:31','2018-07-17 16:21:31'),(269,26,'CUCHILLAS DE REPUESTO P. DISPENSADORES','R-C1',40,NULL,NULL,NULL,NULL,3.00,NULL,NULL,NULL,NULL,NULL,NULL,'2018-07-17 16:21:31','2018-07-17 16:21:31'),(270,26,'DISP. ESCOLAR GRANDE CUCHILLA METALICA','CS-610',40,NULL,NULL,NULL,NULL,6.00,NULL,NULL,NULL,NULL,NULL,NULL,'2018-07-17 16:21:31','2018-07-17 16:21:31'),(271,26,'DISP. P. CINTAS DE ESC. ARO ANCHO','CS-621',40,NULL,NULL,NULL,NULL,25.00,NULL,NULL,NULL,NULL,NULL,NULL,'2018-07-17 16:21:31','2018-07-17 16:21:31'),(272,26,'DISP. P. CINTAS DE ESC. ARO PEQUEÑO.','CS-626',40,NULL,NULL,NULL,NULL,18.00,NULL,NULL,NULL,NULL,NULL,NULL,'2018-07-17 16:21:31','2018-07-17 16:21:31'),(273,26,'REPUESTO ARO GRANDE P. DISPENSADOR GRANDE','R-AG',40,NULL,NULL,NULL,NULL,4.00,NULL,NULL,NULL,NULL,NULL,NULL,'2018-07-17 16:21:31','2018-07-17 16:21:31'),(274,26,'REPUESTO ARO PEQUEÑO P. DISPENSADOR PEQUEÑO','R-AP',40,NULL,NULL,NULL,NULL,3.00,NULL,NULL,NULL,NULL,NULL,NULL,'2018-07-17 16:21:31','2018-07-17 16:21:31'),(275,26,'SCOCHERA PEQUEÑA','CS-768819',40,NULL,NULL,NULL,NULL,3.00,NULL,NULL,NULL,NULL,NULL,NULL,'2018-07-17 16:21:31','2018-07-17 16:21:31'),(276,27,'ETIQUETADORA ECONOMICA P 21MM','CS-PL1',40,NULL,NULL,NULL,NULL,55.00,NULL,NULL,NULL,NULL,NULL,NULL,'2018-07-17 16:21:31','2018-07-17 16:21:31'),(277,27,'ETIQUETADORA INDUSTRIAL P,21 MM, METALICA','CS-PL4',40,NULL,NULL,NULL,NULL,325.00,NULL,NULL,NULL,NULL,NULL,NULL,'2018-07-17 16:21:31','2018-07-17 16:21:31'),(278,27,'ETIQUETADORA INDUSTRIAL P,26 MM','CS-PL3',40,NULL,NULL,NULL,NULL,160.00,NULL,NULL,NULL,NULL,NULL,NULL,'2018-07-17 16:21:31','2018-07-17 16:21:31'),(279,27,'ETIQUETADORA PROFESIONAL, 21 MM','CS-PL2',40,NULL,NULL,NULL,NULL,80.00,NULL,NULL,NULL,NULL,NULL,NULL,'2018-07-17 16:21:31','2018-07-17 16:21:31'),(280,27,'REPUESTO CON TINTA P. ETIQUETADORAS DE 21MM','R-T21',40,NULL,NULL,NULL,NULL,10.00,NULL,NULL,NULL,NULL,NULL,NULL,'2018-07-17 16:21:32','2018-07-17 16:21:32'),(281,27,'REPUESTO CON TINTA P. ETIQUETADORAS DE 26MM','R-T26',40,NULL,NULL,NULL,NULL,12.00,NULL,NULL,NULL,NULL,NULL,NULL,'2018-07-17 16:21:32','2018-07-17 16:21:32'),(282,27,'REPUESTO CON TINTA PARA ETIQUETADORAS (21.5MM)','R-T22',40,NULL,NULL,NULL,NULL,12.00,NULL,NULL,NULL,NULL,NULL,NULL,'2018-07-17 16:21:32','2018-07-17 16:21:32'),(283,28,'FILM DE POLIETILENO CON BURBUJAS','FB-50',40,NULL,NULL,NULL,NULL,15.00,NULL,NULL,NULL,NULL,NULL,NULL,'2018-07-17 16:21:32','2018-07-17 16:21:32'),(284,28,'STRECH FILL 50CM X 1800M','SF-18',40,NULL,NULL,NULL,NULL,750.00,NULL,NULL,NULL,NULL,NULL,NULL,'2018-07-17 16:21:32','2018-07-17 16:21:32'),(285,28,'STRECH FILM DE 12.5 CM','SF-1',40,NULL,NULL,NULL,NULL,40.00,NULL,NULL,NULL,NULL,NULL,NULL,'2018-07-17 16:21:32','2018-07-17 16:21:32'),(286,28,'STRECH FILM PARA PALETIZAR DE 50CM DE ANCHO','SF-3',40,NULL,NULL,NULL,NULL,99.00,NULL,NULL,NULL,NULL,NULL,NULL,'2018-07-17 16:21:32','2018-07-17 16:21:32'),(287,28,'STRECH FILM USO INDUSTRIAL, NEGRO','SF-3N',40,NULL,NULL,NULL,NULL,130.00,NULL,NULL,NULL,NULL,NULL,NULL,'2018-07-17 16:21:32','2018-07-17 16:21:32'),(288,28,'STRETCH FILM 50CM X 1500M','SF-15',40,NULL,NULL,NULL,NULL,600.00,NULL,NULL,NULL,NULL,NULL,NULL,'2018-07-17 16:21:32','2018-07-17 16:21:32'),(289,28,'STRETCH FILM DE 2,6 KGS BRUTO * 500MM ANCHO TRANSPARENTE','SF-2',40,NULL,NULL,NULL,NULL,79.00,NULL,NULL,NULL,NULL,NULL,NULL,'2018-07-17 16:21:32','2018-07-17 16:21:32'),(290,28,'STRETCH FILM DE 4,1 KGS BRUTO*500MM ANCHO TRANSPARENTE','SF-4',40,NULL,NULL,NULL,NULL,128.00,NULL,NULL,NULL,NULL,NULL,NULL,'2018-07-17 16:21:32','2018-07-17 16:21:32'),(291,5,'	CINTA DE PRECAUCIÓN SIN ADHESIVO AMARILLO/NEGRO','M15AN',40,'15cm','40mt','','NO',25.00,'','','S/I','amarillo y negro',2,NULL,'2018-07-17 22:32:12','2018-07-17 22:32:12');
/*!40000 ALTER TABLE `productos` ENABLE KEYS */;
UNLOCK TABLES;

--
-- Table structure for table `rangos_precios`
--

DROP TABLE IF EXISTS `rangos_precios`;
/*!40101 SET @saved_cs_client     = @@character_set_client */;
/*!40101 SET character_set_client = utf8 */;
CREATE TABLE `rangos_precios` (
  `id` bigint(20) NOT NULL AUTO_INCREMENT,
  `producto_id` int(11) DEFAULT NULL,
  `minimo` int(11) DEFAULT NULL,
  `maximo` int(11) DEFAULT NULL,
  `precio` decimal(10,2) DEFAULT NULL,
  `borrado` datetime DEFAULT NULL,
  `created_at` datetime NOT NULL,
  `updated_at` datetime NOT NULL,
  PRIMARY KEY (`id`)
) ENGINE=InnoDB AUTO_INCREMENT=5 DEFAULT CHARSET=latin1;
/*!40101 SET character_set_client = @saved_cs_client */;

--
-- Dumping data for table `rangos_precios`
--

LOCK TABLES `rangos_precios` WRITE;
/*!40000 ALTER TABLE `rangos_precios` DISABLE KEYS */;
INSERT INTO `rangos_precios` VALUES (1,15,1,10,11.00,NULL,'2018-07-06 21:27:12','2018-07-06 21:27:12'),(2,15,11,20,10.00,NULL,'2018-07-06 21:27:37','2018-07-06 21:27:37'),(3,16,1,10,10.00,NULL,'2018-07-12 20:31:43','2018-07-12 20:31:43'),(4,16,11,20,9.00,NULL,'2018-07-12 20:32:10','2018-07-12 20:32:10');
/*!40000 ALTER TABLE `rangos_precios` ENABLE KEYS */;
UNLOCK TABLES;

--
-- Table structure for table `schema_migrations`
--

DROP TABLE IF EXISTS `schema_migrations`;
/*!40101 SET @saved_cs_client     = @@character_set_client */;
/*!40101 SET character_set_client = utf8 */;
CREATE TABLE `schema_migrations` (
  `version` varchar(255) NOT NULL,
  PRIMARY KEY (`version`)
) ENGINE=InnoDB DEFAULT CHARSET=latin1;
/*!40101 SET character_set_client = @saved_cs_client */;

--
-- Dumping data for table `schema_migrations`
--

LOCK TABLES `schema_migrations` WRITE;
/*!40000 ALTER TABLE `schema_migrations` DISABLE KEYS */;
INSERT INTO `schema_migrations` VALUES ('20180417214120'),('20180423141123'),('20180423162622'),('20180423175343'),('20180424143427'),('20180424144152'),('20180424185539'),('20180427183132'),('20180502181605'),('20180508200607'),('20180515211113'),('20180516154630'),('20180517143944'),('20180518160749'),('20180521222417'),('20180522215035'),('20180523170344'),('20180523202556'),('20180530162009'),('20180530214103'),('20180530221511'),('20180602161706'),('20180604142126'),('20180606154300'),('20180711200240'),('20180711230028'),('20180714161443'),('20180714170448'),('20180714170502');
/*!40000 ALTER TABLE `schema_migrations` ENABLE KEYS */;
UNLOCK TABLES;

--
-- Table structure for table `totals`
--

DROP TABLE IF EXISTS `totals`;
/*!40101 SET @saved_cs_client     = @@character_set_client */;
/*!40101 SET character_set_client = utf8 */;
CREATE TABLE `totals` (
  `id` bigint(20) NOT NULL AUTO_INCREMENT,
  `cantidad` int(11) DEFAULT NULL,
  `user_id` int(11) DEFAULT NULL,
  `producto_id` int(11) DEFAULT NULL,
  `almacen_id` int(11) DEFAULT NULL,
  `deleted` datetime DEFAULT NULL,
  `created_at` datetime NOT NULL,
  `updated_at` datetime NOT NULL,
  PRIMARY KEY (`id`)
) ENGINE=InnoDB AUTO_INCREMENT=19 DEFAULT CHARSET=latin1;
/*!40101 SET character_set_client = @saved_cs_client */;

--
-- Dumping data for table `totals`
--

LOCK TABLES `totals` WRITE;
/*!40000 ALTER TABLE `totals` DISABLE KEYS */;
INSERT INTO `totals` VALUES (1,150,4,1,2,NULL,'2018-06-22 19:22:43','2018-06-22 19:28:33'),(2,50,2,15,2,NULL,'2018-07-06 21:30:56','2018-07-06 21:30:56'),(3,100,1,17,2,NULL,'2018-07-12 20:43:53','2018-07-12 20:43:53'),(4,360,1,147,1,NULL,'2018-07-17 20:09:19','2018-07-17 20:09:19'),(5,90,1,131,1,NULL,'2018-07-17 20:13:41','2018-07-17 20:13:41'),(6,300,2,159,1,NULL,'2018-07-17 20:15:52','2018-07-17 20:15:52'),(7,1,2,241,1,NULL,'2018-07-17 20:43:13','2018-07-17 20:43:13'),(8,1,2,243,1,NULL,'2018-07-17 20:43:35','2018-07-17 20:43:35'),(9,1,2,242,1,NULL,'2018-07-17 20:47:57','2018-07-17 20:47:57'),(10,480,2,79,1,NULL,'2018-07-17 21:07:27','2018-07-17 21:07:27'),(11,42,2,78,1,NULL,'2018-07-17 22:00:24','2018-07-17 22:00:24'),(12,90,2,77,2,NULL,'2018-07-17 22:03:00','2018-07-17 22:03:00'),(13,42,2,78,2,NULL,'2018-07-17 22:06:58','2018-07-17 22:06:58'),(14,30,2,167,1,NULL,'2018-07-17 22:27:07','2018-07-17 22:27:07'),(15,30,2,291,2,NULL,'2018-07-17 22:34:56','2018-07-17 22:34:56'),(16,4,2,167,2,NULL,'2018-07-17 22:35:15','2018-07-17 22:35:15'),(17,60,2,280,2,NULL,'2018-07-17 22:36:28','2018-07-17 22:36:28'),(18,39,2,282,2,NULL,'2018-07-17 22:36:44','2018-07-17 22:36:44');
/*!40000 ALTER TABLE `totals` ENABLE KEYS */;
UNLOCK TABLES;

--
-- Table structure for table `users`
--

DROP TABLE IF EXISTS `users`;
/*!40101 SET @saved_cs_client     = @@character_set_client */;
/*!40101 SET character_set_client = utf8 */;
CREATE TABLE `users` (
  `id` bigint(20) NOT NULL AUTO_INCREMENT,
  `nombre` varchar(255) DEFAULT NULL,
  `password_salt` varchar(240) DEFAULT NULL,
  `password_hash` varchar(240) DEFAULT NULL,
  `username` varchar(240) DEFAULT NULL,
  `created_at` datetime NOT NULL,
  `updated_at` datetime NOT NULL,
  `deleted` datetime DEFAULT NULL,
  `email` varchar(255) DEFAULT '',
  `encrypted_password` varchar(255) DEFAULT '',
  `reset_password_token` varchar(255) DEFAULT NULL,
  `reset_password_sent_at` datetime DEFAULT NULL,
  `remember_created_at` datetime DEFAULT NULL,
  `sign_in_count` int(11) NOT NULL DEFAULT '0',
  `current_sign_in_at` datetime DEFAULT NULL,
  `last_sign_in_at` datetime DEFAULT NULL,
  `current_sign_in_ip` varchar(255) DEFAULT NULL,
  `last_sign_in_ip` varchar(255) DEFAULT NULL,
  `rol` varchar(255) DEFAULT NULL,
  `almacene_id` int(11) DEFAULT NULL,
  PRIMARY KEY (`id`),
  UNIQUE KEY `index_users_on_email` (`email`),
  UNIQUE KEY `index_users_on_reset_password_token` (`reset_password_token`)
) ENGINE=InnoDB AUTO_INCREMENT=4 DEFAULT CHARSET=latin1;
/*!40101 SET character_set_client = @saved_cs_client */;

--
-- Dumping data for table `users`
--

LOCK TABLES `users` WRITE;
/*!40000 ALTER TABLE `users` DISABLE KEYS */;
INSERT INTO `users` VALUES (1,'cristiamherrera@gmail.com','$2a$10$ImYaBOOWUM0MJfgK76W7pe','$2a$10$ImYaBOOWUM0MJfgK76W7peNateAWIi2t0EMZGz1IoE9TPzeQqCZny',NULL,'2018-07-06 20:58:18','2018-07-18 02:42:35',NULL,'cristiamherrera@gmail.com','$2a$11$enANXXFRRmQugAgXaRkAHOnpDlidMnBseoFqIvO5vnyIXwPYIKsam',NULL,NULL,'2018-07-10 03:36:09',17,'2018-07-18 02:42:29','2018-07-17 23:06:08','200.105.160.25','181.114.127.117','Administrador',NULL),(2,'Vilma Limachi Casi','$2a$10$pSEvfThFnbFoDuCc5Oc3Ve','$2a$10$pSEvfThFnbFoDuCc5Oc3Vem9Z2NFk7J3rMieqj6SDVRvdUpNkSWbq',NULL,'2018-07-06 20:59:27','2018-07-17 17:52:54',NULL,'wilmiz2423@gmail.com','$2a$11$uS7x4KHJuACNugUcavdMhO7tmkhJPUOlIWeGNe9hzl.r6ZemdYiYC',NULL,NULL,NULL,3,'2018-07-17 17:52:54','2018-07-11 20:36:19','200.105.193.70','200.105.193.70','Administrador',NULL),(3,'minasa',NULL,NULL,NULL,'2018-07-06 21:28:10','2018-07-06 21:28:10',NULL,'d2fad694-ead0-4225-8e74-c84dc00152db@ic.com','$2a$11$R1i9/rmLrcBOCoHgNQQCSOUxiCk.dz.eFANqiywjm8j.ZNGlyKDZu',NULL,NULL,NULL,0,NULL,NULL,NULL,NULL,'Cliente',NULL);
/*!40000 ALTER TABLE `users` ENABLE KEYS */;
UNLOCK TABLES;

--
-- Table structure for table `ventas`
--

DROP TABLE IF EXISTS `ventas`;
/*!40101 SET @saved_cs_client     = @@character_set_client */;
/*!40101 SET character_set_client = utf8 */;
CREATE TABLE `ventas` (
  `id` bigint(20) NOT NULL AUTO_INCREMENT,
  `cantidad` int(11) DEFAULT NULL,
  `numero` int(11) DEFAULT NULL,
  `cotizacione_id` int(11) DEFAULT NULL,
  `factura_id` int(11) DEFAULT NULL,
  `user_id` int(11) DEFAULT NULL,
  `deleted` datetime DEFAULT NULL,
  `created_at` datetime NOT NULL,
  `updated_at` datetime NOT NULL,
  PRIMARY KEY (`id`)
) ENGINE=InnoDB DEFAULT CHARSET=latin1;
/*!40101 SET character_set_client = @saved_cs_client */;

--
-- Dumping data for table `ventas`
--

LOCK TABLES `ventas` WRITE;
/*!40000 ALTER TABLE `ventas` DISABLE KEYS */;
/*!40000 ALTER TABLE `ventas` ENABLE KEYS */;
UNLOCK TABLES;
/*!40103 SET TIME_ZONE=@OLD_TIME_ZONE */;

/*!40101 SET SQL_MODE=@OLD_SQL_MODE */;
/*!40014 SET FOREIGN_KEY_CHECKS=@OLD_FOREIGN_KEY_CHECKS */;
/*!40014 SET UNIQUE_CHECKS=@OLD_UNIQUE_CHECKS */;
/*!40101 SET CHARACTER_SET_CLIENT=@OLD_CHARACTER_SET_CLIENT */;
/*!40101 SET CHARACTER_SET_RESULTS=@OLD_CHARACTER_SET_RESULTS */;
/*!40101 SET COLLATION_CONNECTION=@OLD_COLLATION_CONNECTION */;
/*!40111 SET SQL_NOTES=@OLD_SQL_NOTES */;

-- Dump completed on 2018-07-18  2:50:20
